Participant ID,gender,Level,Time,PosX,PosY,PosZ,Facing Angle
09,f,-1,282.0333,0.1005725,1.598786,-0.1522669,353.8977
09,f,-1,282.2556,0.08257861,1.603584,-0.1579064,354.2364
09,f,-1,282.4778,0.0818911,1.604728,-0.1646174,350.4964
09,f,-1,282.7,0.09313987,1.611337,-0.1644092,347.5076
09,f,-1,282.9222,0.09940554,1.613399,-0.1628221,347.7835
09,f,-1,283.1444,0.1020701,1.612007,-0.1608329,349.3868
09,f,-1,283.3667,0.1020425,1.611951,-0.1555108,349.7713
09,f,-1,283.5889,0.1022385,1.609545,-0.1473854,349.9467
09,f,-1,283.8111,0.1020198,1.608235,-0.1442345,347.891
09,f,-1,284.0333,0.1021058,1.607176,-0.1432651,345.5604
09,f,-1,284.2556,0.1035899,1.607404,-0.1439379,344.6395
09,f,-1,284.4778,0.1068597,1.606093,-0.1471521,345.2771
09,f,-1,284.7,0.107302,1.605446,-0.1504696,345.2512
09,f,-1,284.9222,0.1068606,1.606363,-0.1527015,345.115
09,f,-1,285.1444,0.1083964,1.606479,-0.1533681,345.9028
09,f,-1,285.3667,0.1099653,1.605703,-0.1519844,347.2414
09,f,-1,285.5889,0.1096599,1.606367,-0.1521323,347.8589
09,f,-1,285.8111,0.1085283,1.606076,-0.1541915,347.6178
09,f,-1,286.0333,0.1063343,1.606284,-0.1568085,346.861
09,f,-1,286.2556,0.1040708,1.606731,-0.1593431,346.273
09,f,-1,286.4778,0.1029713,1.606407,-0.1599258,346.1848
09,f,-1,286.7,0.1044005,1.606168,-0.1585283,346.9748
09,f,-1,286.9222,0.1077763,1.606399,-0.1553251,348.9788
09,f,-1,287.1444,0.1113083,1.605315,-0.1527573,351.1514
09,f,-1,287.3667,0.1122536,1.603782,-0.1514177,351.7125
09,f,-1,287.5889,0.1124558,1.604208,-0.1516174,351.867
09,f,-1,287.8111,0.1135343,1.604112,-0.1535729,351.9911
09,f,-1,288.0333,0.1142783,1.603759,-0.1546237,351.9698
09,f,-1,288.2556,0.1162903,1.612848,-0.15541,351.827
09,f,-1,288.4778,0.1155237,1.613757,-0.1627045,350.382
09,f,-1,288.7,0.1097856,1.608567,-0.1608135,346.4192
09,f,-1,288.9222,0.1067393,1.61103,-0.1623896,344.0306
09,f,-1,289.1444,0.1078372,1.6109,-0.1588671,343.5953
09,f,-1,289.3667,0.115633,1.610926,-0.1534326,347.56
09,f,-1,289.5889,0.1208468,1.610087,-0.1493301,349.4398
09,f,-1,289.8111,0.1189155,1.609831,-0.1470194,346.8932
09,f,-1,290.0333,0.117895,1.609042,-0.1463022,346.0087
09,f,-1,290.2556,0.1183774,1.608025,-0.1459416,346.1163
09,f,-1,290.4778,0.1196746,1.606761,-0.1445894,347.1611
09,f,-1,290.7,0.1208383,1.605535,-0.1442803,348.3883
09,f,-1,290.9222,0.120333,1.60551,-0.1426139,348.7958
09,f,-1,291.1444,0.1204331,1.604409,-0.1392291,349.9563
09,f,-1,291.3667,0.1204047,1.605103,-0.1436543,349.2365
09,f,-1,291.5889,0.1170817,1.60554,-0.1466736,346.4955
09,f,-1,291.8111,0.1174427,1.60639,-0.1473154,346.8824
09,f,-1,292.0333,0.1191725,1.605979,-0.1467957,349.2987
09,f,-1,292.2556,0.123371,1.605742,-0.1473796,351.793
09,f,-1,292.4778,0.1239791,1.605594,-0.1471444,351.902
09,f,-1,292.7,0.1253696,1.607139,-0.1414617,352.194
09,f,-1,292.9222,0.1384024,1.614424,-0.1269778,352.4906
09,f,-1,293.1444,0.1628809,1.591509,-0.1111762,353.1529
09,f,-1,293.3667,0.1611137,1.592571,-0.07883932,348.377
09,f,-1,293.5889,0.1196328,1.591274,0.01903101,344.9868
09,f,-1,293.8111,0.04743624,1.592426,0.1494128,342.3576
09,f,-1,294.0333,0.004153455,1.598046,0.2588535,340.2921
09,f,-1,294.2556,-0.006398544,1.592792,0.392263,339.5958
09,f,-1,294.4778,0.000604514,1.604635,0.5289561,337.7835
09,f,-1,294.7,-0.02261971,1.612149,0.6271857,334.8958
09,f,-1,294.9222,-0.08805384,1.609592,0.7286025,333.6092
09,f,-1,295.1444,-0.1829486,1.605435,0.8253149,333.8781
09,f,-1,295.3667,-0.25004,1.615233,0.9226524,335.5733
09,f,-1,295.5889,-0.2600301,1.619377,0.9946891,336.0021
09,f,-1,295.8111,-0.2521937,1.622155,1.032078,335.4791
09,f,-1,296.0334,-0.2536646,1.621181,1.046697,334.897
09,f,-1,296.2556,-0.2539561,1.617874,1.046675,333.4009
09,f,-1,296.4778,-0.2507418,1.618073,1.039994,333.5753
09,f,-1,296.7,-0.2483487,1.61722,1.032717,333.4841
09,f,-1,296.9222,-0.2465704,1.617023,1.024511,333.699
09,f,-1,297.1444,-0.2449049,1.616871,1.017213,334.0078
09,f,-1,297.3667,-0.2455767,1.617217,1.009873,334.2539
09,f,-1,297.5889,-0.2489543,1.621237,1.004621,334.4867
09,f,-1,297.8111,-0.2497652,1.621767,0.9941326,336.3719
09,f,-1,298.0334,-0.2535944,1.620708,0.9863336,337.0516
09,f,-1,298.2556,-0.2406158,1.61429,0.9842525,352.1564
09,f,-1,298.4778,-0.2061565,1.596332,0.9733779,12.5258
09,f,-1,298.7,-0.1552544,1.603042,0.9745029,12.36304
09,f,-1,298.9222,-0.07675972,1.61099,0.9914024,7.650831
09,f,-1,299.1444,-0.005696071,1.618714,1.009723,3.345295
09,f,-1,299.3667,0.02151569,1.61923,1.018033,359.3282
09,f,-1,299.5889,0.02290147,1.617155,1.020818,359.6857
09,f,-1,299.8111,0.02830765,1.618996,1.028319,9.953305
09,f,-1,300.0334,0.05092717,1.620583,1.040707,29.36282
09,f,-1,300.2556,0.1103052,1.615554,1.046112,31.63788
09,f,-1,300.4778,0.2172384,1.615073,1.037571,27.16311
09,f,-1,300.7,0.318018,1.609152,1.03398,21.76389
09,f,-1,300.9222,0.3608497,1.60508,1.037975,16.49855
09,f,-1,301.1444,0.3741035,1.614479,1.038867,14.7639
09,f,-1,301.3667,0.3748571,1.626822,1.039503,7.115178
09,f,-1,301.5889,0.3782738,1.618271,1.048651,356.3026
09,f,-1,301.8111,0.3689868,1.60935,1.044521,349.226
09,f,-1,302.0334,0.345085,1.614804,1.018814,346.6283
09,f,-1,302.2556,0.3028352,1.62326,0.9898304,341.4813
09,f,-1,302.4778,0.2421965,1.630489,0.9587037,328.4839
09,f,-1,302.7,0.1664715,1.634048,0.9138355,295.3489
09,f,-1,302.9222,0.1452635,1.618968,0.8692418,258.6064
09,f,-1,303.1444,0.184974,1.611881,0.8913395,244.6966
09,f,-1,303.3667,0.209352,1.608964,0.9398121,240.5365
09,f,-1,303.5889,0.2207425,1.614721,0.9637206,231.6264
09,f,-1,303.8111,0.2549983,1.629019,0.9588814,218.3067
09,f,-1,304.0334,0.2935116,1.634531,0.938809,207.278
09,f,-1,304.2556,0.3307242,1.638081,0.9461778,187.8929
09,f,-1,304.4778,0.3256821,1.631884,1.003029,181.4558
09,f,-1,304.7,0.2917461,1.621485,1.042524,189.9546
09,f,-1,304.9222,0.2824849,1.628214,1.056889,196.9642
09,f,-1,305.1444,0.279325,1.631918,1.062697,204.2317
09,f,-1,305.3667,0.2766148,1.634515,1.06366,208.6309
09,f,-1,305.5889,0.2725074,1.633239,1.0661,213.1631
09,f,-1,305.8111,0.2668213,1.629925,1.074577,219.7329
09,f,-1,306.0334,0.2761399,1.628238,1.075467,215.5762
09,f,-1,306.2556,0.2986239,1.626395,1.062366,200.2086
09,f,-1,306.4778,0.3070625,1.626772,1.051115,194.8866
09,f,-1,306.7,0.3072427,1.626448,1.04322,194.9897
09,f,-1,306.9222,0.3095925,1.62565,1.037376,194.5172
09,f,-1,307.1444,0.3096956,1.624631,1.032493,196.8611
09,f,-1,307.3667,0.3084991,1.624659,1.01884,202.3423
09,f,-1,307.5889,0.3091725,1.618139,0.9892604,208.4529
09,f,-1,307.8111,0.2996443,1.607035,0.9650066,216.318
09,f,-1,308.0334,0.2640114,1.606176,0.9425465,218.9616
09,f,-1,308.2556,0.2098224,1.613301,0.9299639,218.4561
09,f,-1,308.4778,0.1534079,1.623382,0.921716,214.6261
09,f,-1,308.7,0.1072971,1.620434,0.9076318,208.2825
09,f,-1,308.9222,0.07535387,1.60663,0.8800514,196.2412
09,f,-1,309.1444,0.01806821,1.59242,0.8283756,186.4613
09,f,-1,309.3667,-0.1057197,1.579051,0.7383168,207.1791
09,f,-1,309.5889,-0.248848,1.596997,0.6332974,237.1797
09,f,-1,309.8111,-0.3765244,1.602119,0.532766,245.2804
09,f,-1,310.0334,-0.5272992,1.57656,0.4491248,247.4936
09,f,-1,310.2556,-0.707535,1.598789,0.3789482,249.1549
09,f,-1,310.4778,-0.8670224,1.605806,0.305701,250.8173
09,f,-1,310.7,-1.026255,1.582906,0.2116933,253.5437
09,f,-1,310.9222,-1.185546,1.602098,0.114803,256.2793
09,f,-1,311.1444,-1.344007,1.605697,0.07005282,259.5397
09,f,-1,311.3667,-1.462553,1.600409,0.0721105,258.1098
09,f,0,344.2556,0.05387437,1.587669,-0.6725118,358.9641
09,f,0,344.4778,0.05202921,1.589129,-0.6686224,358.7613
09,f,0,344.7,0.04594762,1.588323,-0.6680127,358.0963
09,f,0,344.9222,0.04008731,1.589519,-0.6730897,357.6479
09,f,0,345.1444,0.03879257,1.588923,-0.676045,358.7471
09,f,0,345.3667,0.04084185,1.588792,-0.6798177,358.5642
09,f,0,345.5889,0.04247966,1.589653,-0.6820456,358.3995
09,f,0,345.8111,0.04659139,1.589978,-0.6829087,358.7559
09,f,0,346.0334,0.04961328,1.589275,-0.6828125,358.904
09,f,0,346.2556,0.05168055,1.590015,-0.6839897,358.6393
09,f,0,346.4778,0.05410627,1.589991,-0.6842507,358.9265
09,f,0,346.7,0.05517422,1.590299,-0.6848737,358.441
09,f,0,346.9222,0.0561748,1.590039,-0.6863565,358.3674
09,f,0,347.1444,0.0556984,1.590424,-0.6869404,358.1652
09,f,0,347.3667,0.05542755,1.590575,-0.6864698,358.3042
09,f,0,347.5889,0.05601323,1.591272,-0.687475,358.2133
09,f,0,347.8111,0.05513784,1.591213,-0.6877201,358.1067
09,f,0,348.0334,0.05107037,1.592934,-0.6844425,358.6884
09,f,0,348.2556,0.04456136,1.599132,-0.6787025,358.4561
09,f,0,348.4778,0.03815911,1.607323,-0.6699202,357.0237
09,f,0,348.7,0.03576246,1.597246,-0.6523494,356.5131
09,f,0,348.9222,0.04150229,1.594833,-0.6437477,358.0328
09,f,0,349.1444,0.04547811,1.592985,-0.6425066,359.9104
09,f,0,349.3667,0.04650988,1.596068,-0.6429956,0.4090441
09,f,0,349.5889,0.0447277,1.594072,-0.651738,358.9305
09,f,0,349.8111,0.04266554,1.593812,-0.6621202,357.9694
09,f,0,350.0334,0.04281242,1.591326,-0.6705606,357.492
09,f,0,350.2556,0.04539898,1.591929,-0.672101,358.042
09,f,0,350.4778,0.0485361,1.591405,-0.6740788,358.4451
09,f,0,350.7,0.04952249,1.590169,-0.6749454,358.0064
09,f,0,350.9222,0.05035514,1.589943,-0.675357,357.4039
09,f,0,351.1444,0.05109649,1.588631,-0.6740277,357.7159
09,f,0,351.3667,0.05049512,1.587342,-0.6726207,357.6583
09,f,0,351.5889,0.04925267,1.585063,-0.673309,357.1836
09,f,0,351.8111,0.04873474,1.584255,-0.6732981,357.1283
09,f,0,352.0334,0.04892998,1.583693,-0.6736275,357.1746
09,f,0,352.2556,0.04860852,1.583617,-0.6739397,357.1703
09,f,0,352.4778,0.04786339,1.583776,-0.6737949,357.3047
09,f,0,352.7,0.04703939,1.584003,-0.6723633,356.9767
09,f,0,352.9222,0.04636089,1.584619,-0.6691253,356.837
09,f,0,353.1444,0.04782667,1.587911,-0.662632,357.4715
09,f,0,353.3667,0.06719071,1.583512,-0.6540784,4.104091
09,f,0,353.5889,0.08691092,1.577017,-0.6540604,4.158082
09,f,0,353.8111,0.09956855,1.572505,-0.6598594,2.664286
09,f,0,354.0334,0.09529436,1.579709,-0.6647062,0.8639063
09,f,0,354.2556,0.08128896,1.590708,-0.6650995,359.0395
09,f,0,354.4778,0.07036555,1.594183,-0.6594283,356.3667
09,f,0,354.7,0.06667686,1.590873,-0.6604724,356.1602
09,f,0,354.9222,0.06578481,1.589305,-0.6601068,357.488
09,f,0,355.1444,0.0632117,1.587732,-0.6630945,358.3815
09,f,0,355.3667,0.06145008,1.588025,-0.6664573,358.193
09,f,0,355.5889,0.0610325,1.588101,-0.6678698,358.3221
09,f,0,355.8111,0.06165597,1.587944,-0.6690637,358.909
09,f,0,356.0334,0.06209921,1.588152,-0.671545,358.999
09,f,0,356.2556,0.06095858,1.588146,-0.6734077,358.7997
09,f,0,356.4778,0.0578754,1.588641,-0.673952,358.662
09,f,0,356.7,0.0528361,1.588961,-0.6725625,357.7214
09,f,0,356.9222,0.05107172,1.588849,-0.6725525,358.2246
09,f,0,357.1444,0.05136554,1.588883,-0.673007,358.3887
09,f,0,357.3667,0.05299113,1.589043,-0.6736561,358.5489
09,f,0,357.5889,0.05420497,1.589127,-0.6756322,358.6411
09,f,0,357.8111,0.05524855,1.589286,-0.6783454,358.6354
09,f,0,358.0334,0.05608059,1.589363,-0.6810606,358.6522
09,f,0,358.2556,0.05613334,1.58938,-0.6829805,358.6289
09,f,0,358.4778,0.05583652,1.589668,-0.6841666,358.3546
09,f,0,358.7,0.05583668,1.589756,-0.6848993,358.4201
09,f,0,358.9222,0.0558115,1.589752,-0.6854095,358.3955
09,f,0,359.1444,0.0552149,1.589812,-0.685224,358.3126
09,f,0,359.3667,0.05388106,1.590325,-0.6851864,358.1087
09,f,0,359.5889,0.05351723,1.590526,-0.685212,358.0586
09,f,0,359.8111,0.05392846,1.590661,-0.6849957,358.0073
09,f,0,360.0334,0.05434623,1.590757,-0.6849722,358.0505
09,f,0,360.2556,0.0548557,1.590356,-0.6862616,357.9468
09,f,0,360.4778,0.05579888,1.590153,-0.6876695,357.8092
09,f,0,360.7,0.05629701,1.590293,-0.6892225,357.9143
09,f,0,360.9222,0.05669627,1.589533,-0.6910527,357.7713
09,f,0,361.1444,0.0569388,1.589981,-0.6927286,357.6476
09,f,0,361.3667,0.05723087,1.590007,-0.6925631,357.6866
09,f,0,361.5889,0.05707195,1.590023,-0.69043,357.7106
09,f,0,361.8111,0.05682309,1.590858,-0.6888509,357.4019
09,f,0,362.0334,0.05651274,1.592211,-0.688037,357.0696
09,f,0,362.2556,0.05571323,1.594125,-0.688301,356.7182
09,f,0,362.4778,0.05431454,1.608061,-0.6844635,356.3851
09,f,0,362.7,0.0559107,1.616047,-0.6799963,356.4544
09,f,0,362.9222,0.05934894,1.610916,-0.6778158,357.9273
09,f,0,363.1444,0.05881153,1.607619,-0.6757401,357.9665
09,f,0,363.3667,0.05707825,1.606098,-0.6745129,357.1052
09,f,0,363.5889,0.05544744,1.602324,-0.6754918,357.3014
09,f,0,363.8111,0.05376854,1.600486,-0.6808054,358.2526
09,f,0,364.0334,0.05050983,1.598145,-0.686425,358.4518
09,f,0,364.2556,0.04732976,1.596734,-0.68862,358.1487
09,f,0,364.4778,0.04127828,1.595939,-0.6849623,357.0831
09,f,0,364.7,0.03691717,1.595457,-0.6825208,356.3828
09,f,0,364.9222,0.03445213,1.594742,-0.6778266,356.2101
09,f,0,365.1444,0.03430466,1.594205,-0.6752964,356.6829
09,f,0,365.3667,0.03614233,1.593966,-0.6768981,357.4606
09,f,0,365.5889,0.0389083,1.594218,-0.6796753,357.6607
09,f,0,365.8111,0.04188114,1.59454,-0.682068,357.9804
09,f,0,366.0334,0.04472287,1.594937,-0.6852144,357.9113
09,f,0,366.2556,0.04696138,1.594517,-0.6873662,358.1714
09,f,0,366.4778,0.04807383,1.594093,-0.6892748,358.2512
09,f,0,366.7,0.04913028,1.594182,-0.6907327,358.3991
09,f,0,366.9222,0.04970891,1.594318,-0.6915691,358.5239
09,f,0,367.1444,0.05012666,1.594059,-0.693243,358.546
09,f,0,367.3667,0.05084269,1.593714,-0.6936324,358.2148
09,f,0,367.5889,0.05181739,1.593392,-0.6927527,357.939
09,f,0,367.8111,0.05200763,1.593282,-0.6910433,357.629
09,f,0,368.0334,0.05214392,1.592954,-0.6896907,357.4958
09,f,0,368.2556,0.05119065,1.592868,-0.6897049,357.7211
09,f,0,368.4778,0.05011619,1.593012,-0.689521,357.8353
09,f,0,368.7,0.04903624,1.593006,-0.6882368,357.8586
09,f,0,368.9222,0.0481732,1.592894,-0.6886889,357.9638
09,f,0,369.1444,0.04843397,1.593123,-0.6906132,358.1669
09,f,0,369.3667,0.04993466,1.593228,-0.6923224,357.8192
09,f,0,369.5889,0.05569222,1.596024,-0.6927646,354.7879
09,f,0,369.8111,0.06540699,1.597249,-0.6854571,354.4586
09,f,0,370.0334,0.06826359,1.586506,-0.6570011,355.8167
09,f,0,370.2556,0.06329694,1.574306,-0.6317724,356.7534
09,f,0,370.4778,0.05129616,1.572659,-0.6159978,357.4579
09,f,0,370.7,0.04319461,1.565976,-0.6040167,356.5859
09,f,0,370.9222,0.0453035,1.567578,-0.5997074,356.8501
09,f,0,371.1444,0.05232629,1.572769,-0.6008264,357.8094
09,f,0,371.3667,0.05714679,1.576807,-0.6066488,358.7387
09,f,0,371.5889,0.05279776,1.577443,-0.6167272,359.0916
09,f,0,371.8111,0.0460677,1.578518,-0.6249579,359.2271
09,f,0,372.0334,0.04066813,1.578983,-0.6357285,358.6712
09,f,0,372.2556,0.03916755,1.579114,-0.6475346,359.0948
09,f,0,372.4778,0.03888469,1.579654,-0.653485,359.7431
09,f,0,372.7,0.03965812,1.580257,-0.6563272,359.8687
09,f,0,372.9222,0.03825774,1.580207,-0.6561474,359.3857
09,f,0,373.1444,0.03892166,1.579583,-0.6590792,359.2633
09,f,0,373.3667,0.04145032,1.580171,-0.6619887,0.1279624
09,f,0,373.5889,0.04471717,1.580843,-0.6642987,0.5936341
09,f,0,373.8111,0.04836811,1.581301,-0.6659578,0.9420323
09,f,0,374.0334,0.05268852,1.582113,-0.6650915,0.5939861
09,f,0,374.2556,0.06032987,1.582083,-0.6619503,359.9406
09,f,0,374.4778,0.07312483,1.583372,-0.6571041,359.5489
09,f,0,374.7,0.09067531,1.576824,-0.644554,358.6523
09,f,0,374.9222,0.1141611,1.551962,-0.6149204,357.2799
09,f,0,375.1444,0.1314177,1.537623,-0.5820506,354.9362
09,f,0,375.3667,0.13564,1.511519,-0.5350447,352.5781
09,f,0,375.5889,0.1271634,1.498082,-0.4758151,351.1157
09,f,0,375.8111,0.09877858,1.489758,-0.3983837,350.3458
09,f,0,376.0334,0.06740387,1.465122,-0.3007947,348.1844
09,f,0,376.2556,0.05525614,1.458991,-0.1899829,355.7443
09,f,0,376.4778,0.05816452,1.45913,-0.08368227,358.9482
09,f,0,376.7,0.03130469,1.515109,-0.003451019,2.736448
09,f,0,376.9222,-0.01849897,1.573937,0.02838674,358.9463
09,f,0,377.1444,-0.02797661,1.603826,0.02025479,358.8968
09,f,0,377.3667,-0.009823171,1.594872,0.002545195,1.0327
09,f,0,377.5889,0.002148283,1.592716,-0.008160323,359.927
09,f,0,377.8111,0.001615264,1.59795,-0.02345956,358.1279
09,f,0,378.0334,-0.00236534,1.603315,-0.03254808,357.8154
09,f,0,378.2556,-0.001996379,1.606328,-0.03571128,357.8082
09,f,0,378.4778,0.001422391,1.603487,-0.0303728,357.8553
09,f,0,378.7,0.002742889,1.601341,-0.01868779,357.9088
09,f,0,378.9222,0.00153899,1.600309,-0.008425285,358.9328
09,f,0,379.1444,-0.005819817,1.600764,0.002399539,0.07190227
09,f,0,379.3667,-0.01549899,1.600898,0.005293402,0.3948713
09,f,0,379.5889,-0.01895528,1.601647,0.005576298,359.8705
09,f,0,379.8111,-0.01698638,1.60278,0.004341192,0.3221162
09,f,0,380.0334,-0.01784388,1.602536,0.003358817,359.8002
09,f,0,380.2556,-0.02481644,1.605002,0.002762652,359.0367
09,f,0,380.4778,-0.03968753,1.602063,-0.01028282,358.1589
09,f,0,380.7,-0.06211469,1.597302,-0.01883952,357.0999
09,f,0,380.9222,-0.09021347,1.589439,-0.02506266,357.8485
09,f,0,381.1444,-0.1079631,1.586625,-0.0310512,359.315
09,f,0,381.3667,-0.1107131,1.570014,-0.04522278,357.719
09,f,0,381.5889,-0.09821337,1.569677,-0.06569641,355.0836
09,f,0,381.8111,-0.07127603,1.581083,-0.07415763,356.6579
09,f,0,382.0334,-0.05209756,1.582105,-0.08104523,357.5579
09,f,0,382.2556,-0.0514323,1.585576,-0.07762091,355.961
09,f,0,382.4778,-0.06637075,1.584101,-0.06218162,355.374
09,f,0,382.7,-0.0796875,1.581763,-0.04367089,357.0726
09,f,0,382.9222,-0.07125197,1.585517,-0.0331141,357.6456
09,f,0,383.1444,-0.06142637,1.590692,-0.01973298,358.2953
09,f,0,383.3667,-0.05658668,1.592494,-0.0132497,357.9662
09,f,0,383.5889,-0.05281924,1.595864,-0.01468683,357.0276
09,f,0,383.8111,-0.04299486,1.59465,-0.01583562,357.2923
09,f,0,384.0334,-0.03669416,1.597169,-0.01781607,357.7165
09,f,0,384.2556,-0.01757311,1.619985,-0.01218824,3.302911
09,f,0,384.4778,0.02951739,1.598435,-0.03573373,27.16204
09,f,0,384.7,0.04505102,1.598081,-0.07868743,59.73513
09,f,0,384.9222,0.02961059,1.602634,-0.133335,95.51336
09,f,0,385.1444,-0.005687829,1.58686,-0.1950727,139.6839
09,f,0,385.3667,-0.02871025,1.579249,-0.2325458,160.9126
09,f,0,385.5889,-0.04515713,1.563464,-0.2979331,169.0136
09,f,0,385.8111,-0.05517021,1.564473,-0.3861424,175.6623
09,f,0,386.0334,-0.06368835,1.560009,-0.4832993,181.5946
09,f,0,386.2556,-0.06173091,1.556908,-0.592649,185.2461
09,f,0,386.4778,-0.04706811,1.544641,-0.7263367,185.1158
09,f,0,386.7,-0.04802605,1.573859,-0.8735766,188.5323
09,f,0,386.9222,-0.1067832,1.56542,-1.024555,195.6136
09,f,0,387.1444,-0.2008624,1.555454,-1.166359,196.0725
09,f,0,387.3667,-0.2719356,1.578566,-1.316621,195.4295
09,f,0,387.5889,-0.3035564,1.561173,-1.475894,191.8919
09,f,0,387.8111,-0.3234614,1.571067,-1.592745,190.489
09,f,0,388.0334,-0.3427388,1.5805,-1.668046,185.2672
09,f,0,388.2556,-0.351404,1.59772,-1.718329,168.4326
09,f,0,388.4778,-0.3115146,1.592589,-1.723188,123.3069
09,f,0,388.7,-0.3015591,1.586161,-1.68038,64.63645
09,f,0,388.9222,-0.3468384,1.595908,-1.681295,18.76765
09,f,0,389.1444,-0.364269,1.588132,-1.696107,6.511673
09,f,0,389.3667,-0.3689815,1.584497,-1.697107,3.852387
09,f,0,389.5889,-0.3659334,1.584722,-1.703788,6.174768
09,f,0,389.8111,-0.3665482,1.582142,-1.706018,5.862927
09,f,0,390.0334,-0.3716145,1.582201,-1.711525,6.143843
09,f,0,390.2556,-0.3753356,1.581012,-1.719265,6.907114
09,f,0,390.4778,-0.377525,1.58033,-1.725039,7.849012
09,f,0,390.7,-0.378014,1.57968,-1.727655,9.420859
09,f,0,390.9222,-0.3671643,1.580541,-1.732188,17.29353
09,f,0,391.1444,-0.3417136,1.580439,-1.746161,38.71484
09,f,0,391.3667,-0.3398158,1.580683,-1.746567,42.35992
09,f,0,391.5889,-0.3362,1.583875,-1.742507,43.37409
09,f,0,391.8111,-0.3188434,1.613271,-1.7539,48.23957
09,f,0,392.0334,-0.2727932,1.576202,-1.749953,53.29444
09,f,0,392.2556,-0.1679604,1.551061,-1.691939,52.56191
09,f,0,392.4778,-0.02708442,1.527887,-1.566243,54.2906
09,f,0,392.7,0.1127039,1.57288,-1.440541,52.45724
09,f,0,392.9222,0.2727308,1.567138,-1.346877,52.89816
09,f,0,393.1444,0.474625,1.558402,-1.267913,52.23273
09,f,0,393.3667,0.6778206,1.600704,-1.176489,52.38812
09,f,0,393.5889,0.8442194,1.593824,-1.045892,50.16852
09,f,0,393.8111,0.9835527,1.586812,-0.8797263,47.04224
09,f,0,394.0334,1.105195,1.609497,-0.7580673,43.26014
09,f,0,394.2556,1.238367,1.604685,-0.6592087,42.23319
09,f,0,394.4778,1.376937,1.624178,-0.5701981,39.84458
09,f,0,394.7,1.464068,1.630291,-0.471657,39.75624
09,f,0,394.9222,1.494,1.625069,-0.3689314,42.42178
09,f,0,395.1444,1.48929,1.627046,-0.2668772,45.37845
09,f,0,395.3667,1.49825,1.632335,-0.2073767,48.95298
09,f,0,395.5889,1.517689,1.639171,-0.1794274,44.10913
09,f,0,395.8111,1.537142,1.640884,-0.1890371,42.64954
09,f,0,396.0334,1.556555,1.658019,-0.2203372,51.19936
09,f,0,396.2556,1.564606,1.633293,-0.2424822,55.1007
09,f,0,396.4778,1.57079,1.621656,-0.2498261,56.30151
09,f,0,396.7,1.567373,1.621738,-0.2543531,56.09063
09,f,0,396.9222,1.563888,1.625977,-0.2502112,52.01826
09,f,0,397.1444,1.565443,1.624478,-0.2516371,49.79612
09,f,0,397.3667,1.566604,1.621425,-0.2568099,47.98145
09,f,0,397.5889,1.568391,1.61661,-0.2582514,46.7846
09,f,0,397.8111,1.570791,1.617271,-0.2566825,46.1537
09,f,0,398.0334,1.573223,1.616783,-0.2554543,45.80053
09,f,0,398.2556,1.573216,1.616373,-0.2560914,45.41017
09,f,0,398.4778,1.571013,1.61766,-0.2573215,44.96881
09,f,0,398.7,1.56965,1.617717,-0.2589595,44.67431
09,f,0,398.9222,1.56943,1.618153,-0.2588037,44.40533
09,f,0,399.1444,1.568469,1.617941,-0.2566127,44.00376
09,f,0,399.3667,1.556923,1.621181,-0.2436554,33.48849
09,f,0,399.5889,1.511648,1.621619,-0.2187727,1.425516
09,f,0,399.8111,1.485362,1.616322,-0.2099154,346.5943
09,f,0,400.0334,1.47771,1.615242,-0.2036967,342.8806
09,f,0,400.2556,1.528605,1.621962,-0.1862134,11.55846
09,f,0,400.4778,1.595193,1.621768,-0.1757607,46.68428
09,f,0,400.7,1.674107,1.617057,-0.154946,55.14999
09,f,0,400.9222,1.777115,1.610653,-0.1525911,51.16604
09,f,0,401.1444,1.867813,1.619361,-0.1364012,45.44214
09,f,0,401.3667,1.906049,1.625693,-0.1194374,39.60413
09,f,0,401.5889,1.921172,1.637771,-0.09246826,36.2909
09,f,0,401.8111,1.93562,1.634391,-0.05799918,27.94272
09,f,0,402.0334,1.961106,1.639131,-0.03605272,6.676521
09,f,0,402.2556,1.983202,1.644459,-0.03424785,350.8242
09,f,0,402.4778,1.988257,1.636432,-0.03669231,344.192
09,f,0,402.7,1.981649,1.634676,-0.03691973,336.4682
09,f,0,402.9222,1.96641,1.651315,-0.03938224,326.471
09,f,0,403.1444,1.956193,1.659779,-0.05414911,316.4547
09,f,0,403.3667,1.959878,1.631043,-0.06181983,312.8763
09,f,0,403.5889,1.965989,1.630979,-0.06170821,313.0436
09,f,0,403.8111,1.971612,1.629989,-0.06565582,309.694
09,f,0,404.0334,1.974844,1.63338,-0.06723034,308.3934
09,f,0,404.2556,1.969372,1.632125,-0.06247887,308.4312
09,f,0,404.4778,1.965343,1.631574,-0.05689758,310.9604
09,f,0,404.7,1.966611,1.63031,-0.0524471,314.039
09,f,0,404.9222,1.967596,1.631288,-0.04948504,315.6498
09,f,0,405.1444,1.966533,1.630062,-0.04822502,315.7889
09,f,0,405.3667,1.966895,1.629581,-0.04826475,316.3745
09,f,0,405.5889,1.966869,1.629293,-0.04918898,317.1276
09,f,0,405.8111,1.965169,1.629573,-0.05062725,316.936
09,f,0,406.0334,1.964126,1.629455,-0.05279948,316.6018
09,f,0,406.2556,1.963211,1.629367,-0.05424286,316.4172
09,f,0,406.4778,1.962948,1.629264,-0.05472543,316.6538
09,f,0,406.7,1.963035,1.628874,-0.05535107,317.3237
09,f,0,406.9222,1.962315,1.628714,-0.05557873,317.4389
09,f,0,407.1444,1.962393,1.629977,-0.05474787,318.0899
09,f,0,407.3667,1.963393,1.629071,-0.05404779,319.0394
09,f,0,407.5889,1.964202,1.629133,-0.05441778,319.6661
09,f,0,407.8111,1.964767,1.629472,-0.05593054,320.0699
09,f,0,408.0334,1.964163,1.628566,-0.05708402,320.0914
09,f,0,408.2556,1.964575,1.628902,-0.05737717,320.408
09,f,0,408.4778,1.965494,1.629787,-0.05815265,320.6688
09,f,0,408.7,1.966417,1.62893,-0.05921483,321.0912
09,f,0,408.9222,1.965879,1.628422,-0.06073897,321.4034
09,f,0,409.1444,1.96428,1.629126,-0.06157806,321.5497
09,f,0,409.3667,1.963049,1.63697,-0.06251885,320.2237
09,f,0,409.5889,1.963104,1.634797,-0.06545837,319.7861
09,f,0,409.8111,1.964504,1.633705,-0.0663298,320.0341
09,f,0,410.0334,1.965746,1.63338,-0.06641157,320.4544
09,f,0,410.2556,1.967555,1.632925,-0.06550158,320.4272
09,f,0,410.4778,1.960733,1.630244,-0.06169708,317.503
09,f,0,410.7,1.938425,1.626145,-0.04362916,311.8574
09,f,0,410.9222,1.919339,1.624834,-0.03851791,310.5833
09,f,0,411.1444,1.884778,1.623088,-0.06001684,310.9561
09,f,0,411.3667,1.817471,1.618533,-0.08067778,311.2581
09,f,0,411.5889,1.738287,1.603832,-0.09706652,308.789
09,f,0,411.8111,1.654879,1.594324,-0.09209914,306.373
09,f,0,412.0334,1.554633,1.579419,-0.05364797,301.6907
09,f,0,412.2556,1.442023,1.594932,0.005690424,292.9004
09,f,0,412.4778,1.32514,1.58746,0.03764571,289.5238
09,f,0,412.7,1.177908,1.565825,0.03364266,280.8253
09,f,0,412.9222,1.006379,1.56622,0.01732196,286.853
09,f,0,413.1444,0.8628998,1.594171,0.03073036,306.4331
09,f,0,413.3667,0.7212563,1.58767,0.07334252,321.0561
09,f,0,413.5889,0.5648916,1.596802,0.1353361,331.6207
09,f,0,413.8111,0.4207641,1.612102,0.1664622,340.7997
09,f,0,414.0334,0.2564291,1.596772,0.1792199,350.2043
09,f,0,414.2556,0.06804642,1.585781,0.170399,353.781
09,f,0,414.4778,-0.04487482,1.592373,0.164609,357.0882
09,f,0,414.7,-0.08527946,1.597773,0.1488791,1.799457
09,f,0,414.9222,-0.07882789,1.600502,0.1225612,3.860085
09,f,0,415.1444,-0.03580821,1.618522,0.07254791,1.700123
09,f,0,415.3667,-0.0005395301,1.617721,0.04264082,2.540332
09,f,0,415.5889,0.006244747,1.610601,0.03698456,1.282863
09,f,0,415.8111,0.001779652,1.602405,0.03468946,359.0089
09,f,0,416.0334,0.0034822,1.599793,0.03686235,358.4266
09,f,0,416.2556,0.01089483,1.597352,0.04023107,359.2787
09,f,0,416.4778,0.01481692,1.596385,0.04128993,0.1284174
09,f,0,416.7,0.01269902,1.595341,0.03847856,0.725498
09,f,0,416.9222,0.007250838,1.593863,0.04023359,359.2241
09,f,0,417.1444,0.006998506,1.592933,0.04404719,358.5857
09,f,0,417.3667,0.009407726,1.592554,0.04467312,358.7089
09,f,0,417.5889,0.01323641,1.592483,0.04282171,359.4677
09,f,0,417.8111,0.0163571,1.591859,0.03838458,359.7204
09,f,0,418.0334,0.01770125,1.591746,0.03314161,359.887
09,f,0,418.2556,0.01733433,1.592151,0.02895646,359.8309
09,f,0,418.4778,0.01461311,1.591692,0.02883427,358.3937
09,f,0,418.7,0.01449755,1.593133,0.02982537,356.5576
09,f,0,418.9222,0.01799053,1.593735,0.03304401,356.0749
09,f,0,419.1444,0.02391674,1.590767,0.03256043,356.6258
09,f,0,419.3667,0.02719767,1.590275,0.02789573,357.6097
09,f,0,419.5889,0.02663611,1.592016,0.02353217,357.747
09,f,0,419.8111,0.0249036,1.592521,0.02203659,357.54
09,f,0,420.0334,0.0242571,1.591999,0.02268249,357.1237
09,f,0,420.2556,0.02391365,1.590023,0.02441876,357.1832
09,f,0,420.4778,0.02307236,1.58268,0.02444515,357.0509
09,f,0,420.7,0.0213407,1.576086,0.02523835,356.666
09,f,0,420.9222,0.02023787,1.57503,0.02452243,357.3826
09,f,0,421.1444,0.01918602,1.574879,0.02329945,357.7386
09,f,0,421.3667,0.01841799,1.575979,0.02371544,358.268
09,f,0,421.5889,0.01657107,1.576563,0.02415685,357.8929
09,f,0,421.8111,0.01595462,1.576465,0.02465661,357.6284
09,f,0,422.0334,0.01538618,1.576956,0.0261981,357.5818
09,f,0,422.2556,0.01534339,1.578532,0.0279157,357.7459
09,f,0,422.4778,0.01592348,1.584039,0.02968585,358.0906
09,f,0,422.7,0.0164463,1.591042,0.03018545,358.1221
09,f,0,422.9222,0.01532574,1.596763,0.02905733,357.5551
09,f,0,423.1444,0.01081772,1.598578,0.02863543,356.3816
09,f,0,423.3667,0.007236839,1.597977,0.02777304,354.8053
09,f,0,423.5889,0.009316288,1.598655,0.02735615,355.5688
09,f,0,423.8111,0.01060231,1.598668,0.02951966,356.1207
09,f,0,424.0334,0.01018654,1.599103,0.0315347,356.0917
09,f,0,424.2556,0.0106168,1.599095,0.03273873,356.057
09,f,0,424.4778,0.01200872,1.598838,0.03209874,356.3389
09,f,0,424.7,0.01072066,1.598686,0.03182174,356.2337
09,f,0,424.9222,0.009741788,1.598406,0.03139419,355.8358
09,f,0,425.1444,0.009016053,1.597985,0.02991839,355.5552
09,f,0,425.3667,0.009158823,1.597973,0.02783866,355.5923
09,f,0,425.5889,0.01048965,1.598138,0.02561416,355.8237
09,f,0,425.8111,0.01118672,1.597836,0.02376473,355.7538
09,f,0,426.0334,0.01189938,1.597823,0.02236322,355.8855
09,f,0,426.2556,0.01135957,1.597788,0.02164996,356.0205
09,f,0,426.4778,0.01022823,1.597994,0.02117485,356.1577
09,f,0,426.7,0.009478101,1.598262,0.02209373,356.0905
09,f,0,426.9222,0.008872227,1.598371,0.02400775,356.0442
09,f,0,427.1444,0.008123206,1.597778,0.02520714,356.1483
09,f,0,427.3667,0.006992457,1.597953,0.02614225,356.303
09,f,0,427.5889,0.005336702,1.600494,0.02791948,355.6584
09,f,0,427.8111,0.003481572,1.602666,0.03122578,354.8355
09,f,0,428.0334,0.0009448789,1.611593,0.03348394,351.627
09,f,0,428.2556,0.01977185,1.610448,0.01747143,342.4027
09,f,0,428.4778,0.02180092,1.61203,0.0129272,320.8757
09,f,0,428.7,-0.0161306,1.611316,-0.05749986,298.2436
09,f,0,428.9222,-0.08637096,1.607397,-0.1379884,289.6239
09,f,0,429.1444,-0.2148717,1.596918,-0.1841263,293.1464
09,f,0,429.3667,-0.353444,1.584986,-0.1943919,296.0172
09,f,0,429.5889,-0.5054256,1.560278,-0.1427505,295.0406
09,f,0,429.8111,-0.6580606,1.59707,-0.04801621,294.1824
09,f,0,430.0334,-0.8378364,1.595374,0.03053965,294.1255
09,f,0,430.2556,-1.046465,1.573189,0.08740346,295.2531
09,f,0,430.4778,-1.24703,1.598694,0.141332,293.9242
09,f,0,430.7,-1.427485,1.58033,0.2366094,293.2923
09,f,0,430.9222,-1.600226,1.59075,0.3541061,292.4717
09,f,0,431.1444,-1.770457,1.59935,0.4291123,291.7527
09,f,0,431.3667,-1.952907,1.576437,0.4743868,292.0205
09,f,0,431.5889,-2.120916,1.591311,0.5167314,294.2702
09,f,0,431.8111,-2.240748,1.584694,0.5782821,297.6926
09,f,0,432.0334,-2.313419,1.594251,0.6372988,304.7396
09,f,0,432.2556,-2.36304,1.595667,0.6661165,319.8666
09,f,0,432.4778,-2.39051,1.601578,0.6829213,342.1681
09,f,0,432.7,-2.390139,1.591911,0.6717492,353.8283
09,f,0,432.9222,-2.347841,1.585526,0.6540234,24.15187
09,f,0,433.1444,-2.309188,1.587939,0.6203883,58.71639
09,f,0,433.3667,-2.311996,1.580038,0.6170586,63.52142
09,f,0,433.5889,-2.322464,1.586788,0.633595,59.91944
09,f,0,433.8111,-2.327328,1.584773,0.6343962,62.23858
09,f,0,434.0334,-2.320134,1.592075,0.6436733,60.02364
09,f,0,434.2556,-2.26995,1.589428,0.6425209,60.5472
09,f,0,434.4778,-2.213309,1.587951,0.5803238,62.26006
09,f,0,434.7,-2.13118,1.583273,0.5288184,62.91651
09,f,0,434.9222,-1.996117,1.570246,0.4955447,63.79899
09,f,0,435.1445,-1.817297,1.56464,0.478468,65.93576
09,f,0,435.3667,-1.638063,1.575988,0.3978991,85.83553
09,f,0,435.5889,-1.472422,1.548232,0.2882561,94.73434
09,f,0,435.8111,-1.32584,1.550374,0.1779524,98.88514
09,f,0,436.0334,-1.139569,1.555516,0.1236195,96.54095
09,f,0,436.2556,-0.9371577,1.550815,0.117756,94.62211
09,f,0,436.4778,-0.7492937,1.577212,0.1032868,87.5231
09,f,0,436.7,-0.5608656,1.562602,0.05200936,79.12925
09,f,0,436.9222,-0.3972756,1.602978,0.01858984,62.48618
09,f,0,437.1445,-0.276397,1.604036,0.03275431,33.42775
09,f,0,437.3667,-0.1645184,1.592423,0.0442724,14.09172
09,f,0,437.5889,-0.05331817,1.60826,0.0187427,4.716655
09,f,0,437.8111,0.03984337,1.615016,-0.004832119,356.9979
09,f,0,438.0334,0.07819201,1.616374,-0.01305826,355.792
09,f,0,438.2556,0.08743287,1.614925,-0.01382089,357.4064
09,f,0,438.4778,0.1010155,1.612861,-0.01343598,358.7231
09,f,0,438.7,0.1119002,1.611757,-0.02595713,356.0457
09,f,0,438.9222,0.1152456,1.60381,-0.02730428,354.7509
09,f,0,439.1445,0.1189841,1.599333,-0.02167926,355.4997
09,f,0,439.3667,0.1194343,1.598533,-0.01572762,356.0937
09,f,0,439.5889,0.1195528,1.595202,-0.003663516,356.6093
09,f,0,439.8111,0.1184334,1.5943,0.001226538,356.2054
09,f,0,440.0334,0.1125404,1.591554,-0.0006340221,354.4859
09,f,0,440.2556,0.1199952,1.59749,-0.02134864,355.5073
09,f,0,440.4778,0.1233786,1.590792,-0.03532571,356.7643
09,f,0,440.7,0.1215026,1.591111,-0.04541827,356.3428
09,f,0,440.9222,0.1194187,1.591977,-0.04837542,357.1955
09,f,0,441.1445,0.1144595,1.592389,-0.04473469,356.0337
09,f,0,441.3667,0.1048214,1.589806,-0.04533168,353.2614
09,f,0,441.5889,0.09403266,1.586763,-0.04728075,353.3193
09,f,0,441.8111,0.08869037,1.58673,-0.05083239,354.0518
09,f,0,442.0334,0.08862718,1.58587,-0.05135067,356.0304
09,f,0,442.2556,0.08953261,1.585038,-0.05171097,357.2297
09,f,0,442.4778,0.09060971,1.584389,-0.05511811,357.2709
09,f,0,442.7,0.09044763,1.584427,-0.06011059,356.5245
09,f,0,442.9222,0.09257609,1.586325,-0.06178571,355.9478
09,f,0,443.1445,0.0956416,1.582959,-0.06021896,356.426
09,f,0,443.3667,0.09792411,1.582218,-0.05873358,356.5967
09,f,0,443.5889,0.09923702,1.58265,-0.05933988,356.6336
09,f,0,443.8111,0.09999636,1.583012,-0.06044374,355.7696
09,f,0,444.0334,0.1002438,1.583319,-0.05981356,355.1409
09,f,0,444.2556,0.1000365,1.582483,-0.05485219,355.3611
09,f,0,444.4778,0.0999722,1.581711,-0.0498053,355.1774
09,f,0,444.7,0.1000059,1.583037,-0.0465268,354.5597
09,f,0,444.9222,0.103455,1.585834,-0.0442908,354.8229
09,f,0,445.1445,0.1118318,1.590227,-0.0403615,355.1479
09,f,0,445.3667,0.1158066,1.592772,-0.0377314,355.4012
09,f,0,445.5889,0.1143958,1.598321,-0.041032,355.4088
09,f,0,445.8111,0.1110497,1.604091,-0.04432569,354.542
09,f,0,446.0334,0.1112316,1.608848,-0.0511755,355.7017
09,f,0,446.2556,0.1110695,1.607455,-0.0559303,356.6516
09,f,0,446.4778,0.1099651,1.607093,-0.05770339,356.816
09,f,0,446.7,0.1097903,1.606732,-0.05998515,356.8306
09,f,0,446.9222,0.1085958,1.606345,-0.06196011,356.4863
09,f,0,447.1445,0.1071791,1.606305,-0.06188444,356.1071
09,f,0,447.3667,0.1060262,1.606085,-0.06139132,356.2533
09,f,0,447.5889,0.1043981,1.605977,-0.06077532,356.2944
09,f,0,447.8111,0.1034648,1.605803,-0.05984449,356.215
09,f,0,448.0334,0.1028647,1.605789,-0.05914699,356.2179
09,f,0,448.2556,0.1026772,1.605851,-0.05911618,356.0784
09,f,0,448.4778,0.1025423,1.605699,-0.05905253,356.0684
09,f,0,448.7,0.1028107,1.60535,-0.05919829,356.0381
09,f,0,448.9222,0.1038422,1.605051,-0.05936804,355.9597
09,f,0,449.1445,0.1053047,1.60488,-0.05996938,355.923
09,f,0,449.3667,0.1058292,1.604737,-0.06062055,355.8413
09,f,0,449.5889,0.1054718,1.60479,-0.06251977,355.671
09,f,0,449.8111,0.1046816,1.604661,-0.0637189,355.5923
09,f,0,450.0334,0.1035922,1.604887,-0.06403479,355.7243
09,f,0,450.2556,0.1021499,1.604623,-0.06480227,355.5751
09,f,0,450.4778,0.0982467,1.605646,-0.0611341,355.5501
09,f,0,450.7,0.0811955,1.601679,-0.03916897,354.7742
09,f,0,450.9222,0.04855771,1.585756,0.01239431,354.7766
09,f,0,451.1445,0.03179485,1.561963,0.1008826,357.6141
09,f,0,451.3667,0.05043984,1.530488,0.2372046,357.8792
09,f,0,451.5889,0.1027784,1.555305,0.3937643,359.0599
09,f,0,451.8111,0.1184433,1.573945,0.5423015,0.03751175
09,f,0,452.0334,0.09007019,1.559141,0.7131376,358.5109
09,f,0,452.2556,0.04223778,1.581047,0.8920533,357.2875
09,f,0,452.4778,0.04071688,1.5955,1.056308,358.8224
09,f,0,452.7,0.07893772,1.57662,1.220353,358.3512
09,f,0,452.9222,0.1246165,1.605999,1.385813,358.551
09,f,0,453.1445,0.1238333,1.609098,1.54065,359.0918
09,f,0,453.3667,0.08601671,1.59685,1.705195,359.3283
09,f,0,453.5889,0.06805873,1.619069,1.857587,0.3373374
09,f,0,453.8111,0.08791269,1.617205,1.996621,1.570744
09,f,0,454.0334,0.1292751,1.624802,2.121224,359.3479
09,f,0,454.2556,0.1262452,1.648736,2.211016,355.1944
09,f,0,454.4778,0.1045156,1.647786,2.234132,348.9828
09,f,0,454.7,0.09044512,1.644877,2.248514,345.1353
09,f,0,454.9222,0.08950448,1.643044,2.259452,344.6042
09,f,0,455.1445,0.09246191,1.639589,2.264135,343.8631
09,f,0,455.3667,0.05818011,1.652376,2.243015,314.7601
09,f,0,455.5889,0.02559244,1.650978,2.184821,267.279
09,f,0,455.8111,0.03065184,1.639524,2.14204,228.1295
09,f,0,456.0334,0.02694694,1.628412,2.123747,216.2275
09,f,0,456.2556,0.01157857,1.617671,2.110691,212.1962
09,f,0,456.4778,0.03210998,1.614379,2.107025,197.9512
09,f,0,456.7,0.0640075,1.606194,2.09583,190.7085
09,f,0,456.9222,0.0928783,1.59477,2.034837,189.2341
09,f,0,457.1445,0.1121229,1.593721,1.920718,187.1492
09,f,0,457.3667,0.1191087,1.60658,1.78321,187.1685
09,f,0,457.5889,0.11634,1.59049,1.61789,186.4345
09,f,0,457.8111,0.08607532,1.59746,1.443541,183.9265
09,f,0,458.0334,0.0811794,1.611387,1.256915,185.0294
09,f,0,458.2556,0.1063933,1.578811,1.047459,184.9173
09,f,0,458.4778,0.1274864,1.598235,0.842717,187.0002
09,f,0,458.7,0.08797574,1.595604,0.6679094,190.9292
09,f,0,458.9222,-0.01345865,1.582724,0.5035358,196.2126
09,f,0,459.1445,-0.1172391,1.619267,0.3702514,213.9409
09,f,0,459.3667,-0.1858619,1.61902,0.2621843,249.7224
09,f,0,459.5889,-0.2119788,1.582411,0.1536931,305.3281
09,f,0,459.8111,-0.1748305,1.588714,0.04385684,344.4271
09,f,0,460.0334,-0.1385731,1.601479,-0.05172956,358.834
09,f,0,460.2556,-0.1102452,1.602595,-0.1159666,357.8103
09,f,0,460.4778,-0.1224436,1.603554,-0.1443222,2.997312
09,f,0,460.7,-0.132249,1.604361,-0.1462109,6.794767
09,f,0,460.9222,-0.1043097,1.613561,-0.1719785,2.941288
09,f,0,461.1445,-0.07424451,1.603039,-0.18208,359.5666
09,f,0,461.3667,-0.05495042,1.602972,-0.1785198,0.1322386
09,f,0,461.5889,-0.0453403,1.598948,-0.1786995,1.699495
09,f,0,461.8111,-0.04273329,1.597366,-0.1856469,1.606482
09,f,0,462.0334,-0.04230242,1.598481,-0.191304,359.6928
09,f,0,462.2556,-0.0430386,1.597058,-0.1931102,358.6779
09,f,0,462.4778,-0.04496345,1.595559,-0.1932921,358.7382
09,f,0,462.7,-0.04690194,1.593644,-0.1925047,359.1816
09,f,0,462.9222,-0.04712044,1.592207,-0.1930352,0.3058275
09,f,0,463.1445,-0.04705258,1.590822,-0.1967567,1.321119
09,f,0,463.3667,-0.04809626,1.591847,-0.2003694,1.29857
09,f,0,463.5889,-0.0487043,1.591983,-0.2000497,0.4339416
09,f,0,463.8111,-0.04856621,1.591482,-0.2002531,0.3937757
09,f,0,464.0334,-0.04838865,1.59107,-0.2003284,0.4158561
09,f,0,464.2556,-0.04784044,1.592535,-0.2015386,1.464128
09,f,0,464.4778,-0.04693852,1.59274,-0.2051051,1.935219
09,f,0,464.7,-0.0472629,1.592199,-0.207862,1.530573
09,f,0,464.9222,-0.04820106,1.591957,-0.2080906,0.5975398
09,f,0,465.1445,-0.04832278,1.591763,-0.2054743,359.974
09,f,0,465.3667,-0.0473161,1.590908,-0.199435,359.9604
09,f,0,465.5889,-0.04512877,1.588835,-0.1928195,0.4446806
09,f,0,465.8111,-0.04593248,1.588768,-0.1876888,0.2505724
09,f,0,466.0334,-0.04748425,1.588377,-0.1839663,0.1521148
09,f,0,466.2556,-0.04888294,1.588525,-0.1836853,0.04137427
09,f,0,466.4778,-0.048538,1.588717,-0.183542,0.4703591
09,f,0,466.7,-0.04950751,1.588477,-0.1819028,0.291934
09,f,0,466.9222,-0.04920604,1.588975,-0.1823259,0.4966538
09,f,0,467.1445,-0.04885449,1.589262,-0.1832189,0.4827348
09,f,0,467.3667,-0.04861737,1.590066,-0.1850255,0.5944614
09,f,0,467.5889,-0.04813823,1.590861,-0.1868665,0.9303539
09,f,0,467.8111,-0.04848332,1.590811,-0.1876685,1.026327
09,f,0,468.0334,-0.04933865,1.591741,-0.1886201,0.9291811
09,f,0,468.2556,-0.05003693,1.591652,-0.1888805,0.9587913
09,f,0,468.4778,-0.05129998,1.591547,-0.1883338,0.768801
09,f,0,468.7,-0.05176769,1.591756,-0.1887868,0.8569654
09,f,0,468.9222,-0.05181715,1.591742,-0.1904436,1.181659
09,f,0,469.1445,-0.05309738,1.591248,-0.1931016,1.05569
09,f,0,469.3667,-0.05360618,1.591074,-0.1961962,0.7455761
09,f,0,469.5889,-0.05329463,1.585571,-0.1989389,0.5552567
09,f,0,469.8111,-0.05341311,1.579676,-0.2009914,359.6875
09,f,0,470.0334,-0.05318932,1.579738,-0.2017078,359.9574
09,f,0,470.2556,-0.05400502,1.582063,-0.20099,359.9492
09,f,0,470.4778,-0.05349459,1.590474,-0.1991023,0.7071075
09,f,0,470.7,-0.05444022,1.594501,-0.1996239,0.1842505
09,f,0,470.9222,-0.0566983,1.594524,-0.1997053,359.2548
09,f,0,471.1445,-0.05731934,1.594775,-0.2001241,358.7824
09,f,0,471.3667,-0.05591797,1.594355,-0.1995772,359.1397
09,f,0,471.5889,-0.05490947,1.594145,-0.1984405,359.2251
09,f,0,471.8111,-0.05490749,1.593306,-0.1981159,359.2668
09,f,0,472.0334,-0.05565026,1.592891,-0.1983379,359.0577
09,f,0,472.2556,-0.05646173,1.592905,-0.1983241,359.1361
09,f,0,472.4778,-0.0577033,1.593012,-0.198552,359.2462
09,f,0,472.7,-0.0591957,1.593188,-0.1993505,359.1318
09,f,0,472.9222,-0.05963774,1.593241,-0.199745,359.1246
09,f,0,473.1445,-0.05992034,1.596378,-0.2004116,0.583643
09,f,0,473.3667,-0.04297074,1.601507,-0.210723,23.42152
09,f,0,473.5889,-0.02687994,1.594094,-0.2498671,58.03744
09,f,0,473.8111,-0.02607,1.594709,-0.3055959,94.15477
09,f,0,474.0334,-0.0291262,1.588374,-0.366891,118.8117
09,f,0,474.2556,0.0009715036,1.574958,-0.4185376,125.1528
09,f,0,474.4778,0.07345213,1.576138,-0.457753,129.0332
09,f,0,474.7,0.199861,1.569776,-0.5096228,130.1656
09,f,0,474.9222,0.354651,1.554004,-0.5736591,129.8717
09,f,0,475.1445,0.4898211,1.582344,-0.6826818,132.0533
09,f,0,475.3667,0.5993646,1.553406,-0.8428645,134.0667
09,f,0,475.5889,0.694456,1.591733,-1.013092,133.6882
09,f,0,475.8111,0.8121463,1.596126,-1.160843,132.2405
09,f,0,476.0334,0.9485779,1.574699,-1.294407,131.4283
09,f,0,476.2556,1.085851,1.603557,-1.4215,130.7977
09,f,0,476.4778,1.221426,1.588335,-1.5465,122.1763
09,f,0,476.7,1.350329,1.595994,-1.662884,98.66555
09,f,0,476.9222,1.444053,1.624869,-1.711094,56.643
09,f,0,477.1445,1.43652,1.625369,-1.722932,10.14357
09,f,0,477.3667,1.420853,1.613434,-1.751087,346.1902
09,f,0,477.5889,1.4377,1.597608,-1.772587,340.1826
09,f,0,477.8111,1.4542,1.599879,-1.778169,340.1925
09,f,0,478.0334,1.444247,1.598921,-1.766682,339.0148
09,f,0,478.2556,1.402558,1.604694,-1.723557,337.2859
09,f,0,478.4778,1.337535,1.605253,-1.678599,336.1297
09,f,0,478.7,1.286265,1.597843,-1.638917,334.9284
09,f,0,478.9222,1.24872,1.59081,-1.579778,334.763
09,f,0,479.1445,1.198963,1.585644,-1.475922,335.6649
09,f,0,479.3667,1.143006,1.591136,-1.322164,335.7107
09,f,0,479.5889,1.055582,1.595988,-1.154151,338.2378
09,f,0,479.8111,0.924067,1.569831,-1.02098,336.8388
09,f,0,480.0334,0.7412559,1.555717,-0.9004692,333.5744
09,f,0,480.2556,0.5947322,1.581452,-0.7835528,334.3818
09,f,0,480.4778,0.4900105,1.572881,-0.6423788,335.778
09,f,0,480.7,0.4032837,1.57811,-0.452821,336.8034
09,f,0,480.9222,0.3147314,1.592876,-0.2824915,343.1285
09,f,0,481.1445,0.2077709,1.587547,-0.1577357,346.7238
09,f,0,481.3667,0.07724582,1.576338,-0.05562557,352.9568
09,f,0,481.5889,0.00747267,1.5996,0.02667224,359.3798
09,f,0,481.8111,0.009258686,1.610672,0.06034949,0.3339981
09,f,0,482.0334,0.01859315,1.615006,0.0585231,0.7795189
09,f,0,482.2556,0.00726015,1.606501,0.04910973,0.8929225
09,f,0,482.4778,-0.001141054,1.606964,0.04548618,0.4261864
09,f,0,482.7,-0.005525306,1.611647,0.04239624,0.2059276
09,f,0,482.9222,-0.0104613,1.607392,0.03503323,358.2245
09,f,0,483.1445,-0.008845292,1.606502,0.03039221,358.1398
09,f,0,483.3667,-0.007932754,1.606812,0.03101797,358.2
09,f,0,483.5889,-0.007097717,1.605573,0.03371552,358.311
09,f,0,483.8111,-0.006361539,1.605083,0.0364507,358.9177
09,f,0,484.0334,-0.006730409,1.605262,0.0377424,359.1287
09,f,0,484.2556,-0.006880227,1.605406,0.03767362,359.1978
09,f,0,484.4778,-0.007506359,1.605114,0.03586303,359.0524
09,f,0,484.7,-0.007196242,1.605453,0.03416651,358.8276
09,f,0,484.9222,-0.007870188,1.605264,0.03325772,357.4763
09,f,0,485.1445,-0.006546641,1.605463,0.03353876,357.1088
09,f,0,485.3667,-0.004390132,1.604578,0.03721964,358.2541
09,f,0,485.5889,0.006074579,1.604826,0.05269245,7.340326
09,f,0,485.8111,0.0332715,1.576088,0.0795491,25.24436
09,f,0,486.0334,0.08608496,1.572525,0.1071581,32.93338
09,f,0,486.2556,0.1893279,1.562906,0.1754763,35.58652
09,f,0,486.4778,0.3271605,1.587029,0.2343294,39.18993
09,f,0,486.7,0.4462346,1.603598,0.3068839,42.97475
09,f,0,486.9222,0.5627866,1.582754,0.4311902,42.62453
09,f,0,487.1445,0.6803043,1.607553,0.58541,42.23234
09,f,0,487.3667,0.802238,1.616099,0.7017223,42.42622
09,f,0,487.5889,0.9547765,1.596229,0.8056148,40.2197
09,f,0,487.8111,1.114398,1.626654,0.910235,37.16214
09,f,0,488.0334,1.230268,1.633403,1.038806,31.12717
09,f,0,488.2556,1.317858,1.621952,1.184508,26.17553
09,f,0,488.4778,1.385675,1.641909,1.302861,15.42487
09,f,0,488.7,1.433608,1.643312,1.391831,350.6432
09,f,0,488.9222,1.478372,1.649872,1.430544,319.9246
09,f,0,489.1445,1.492058,1.650635,1.433621,304.5175
09,f,0,489.3667,1.495194,1.645766,1.413295,287.2813
09,f,0,489.5889,1.51408,1.643493,1.409791,282.181
09,f,0,489.8111,1.525623,1.639406,1.429158,287.4917
09,f,0,490.0334,1.535188,1.639938,1.442332,288.4466
09,f,0,490.2556,1.545662,1.638978,1.446706,288.2736
09,f,0,490.4778,1.533298,1.651702,1.461869,282.4044
09,f,0,490.7,1.504998,1.65574,1.432576,276.6485
09,f,0,490.9222,1.496784,1.647635,1.326602,278.6772
09,f,0,491.1445,1.470846,1.628788,1.194178,277.1959
09,f,0,491.3667,1.405341,1.615673,1.05063,256.5421
09,f,0,491.5889,1.298748,1.568405,0.9343379,247.5024
09,f,0,491.8111,1.142866,1.53595,0.8418541,239.0286
09,f,0,492.0334,0.9524903,1.562098,0.7400794,237.8586
09,f,0,492.2556,0.7913976,1.549542,0.6160362,236.6657
09,f,0,492.4778,0.6436554,1.569351,0.47428,239.8507
09,f,0,492.7,0.4852312,1.585179,0.3826975,248.9482
09,f,0,492.9222,0.3159079,1.57695,0.3489488,266.6177
09,f,0,493.1445,0.187805,1.603729,0.3546294,303.3673
09,f,0,493.3667,0.120869,1.606775,0.3164565,338.5587
09,f,0,493.5889,0.02821148,1.597008,0.2303971,356.0024
09,f,0,493.8111,-0.02088957,1.60937,0.1544179,358.9418
09,f,0,494.0334,-0.006714376,1.616257,0.09514368,1.034998
09,f,0,494.2556,0.01818694,1.612923,0.05464891,0.2196735
09,f,0,494.4778,0.01968269,1.607419,0.03380949,359.2184
09,f,0,494.7,0.01650842,1.60729,0.01912485,358.5077
09,f,0,494.9222,0.02086115,1.607705,0.01122057,359.705
09,f,0,495.1445,0.0284369,1.603024,0.006642722,358.2036
09,f,0,495.3667,0.03309582,1.599003,-0.006248189,356.0961
09,f,0,495.5889,0.03002148,1.594643,-0.01592708,355.7353
09,f,0,495.8111,0.02562697,1.591839,-0.02014512,356.1326
09,f,0,496.0334,0.02363293,1.591551,-0.02290852,357.0013
09,f,0,496.2556,0.02206482,1.590486,-0.02450232,357.9181
09,f,0,496.4778,0.02069217,1.591518,-0.02872054,357.2936
09,f,0,496.7,0.02036011,1.592457,-0.02914034,356.1577
09,f,0,496.9222,0.0230624,1.593967,-0.02750776,356.7907
09,f,0,497.1445,0.02700607,1.594854,-0.02518024,357.0849
09,f,0,497.3667,0.02774609,1.593239,-0.023451,357.6961
09,f,0,497.5889,0.02612584,1.592101,-0.02420598,357.1522
09,f,0,497.8111,0.02740391,1.592715,-0.02605055,357.5956
09,f,0,498.0334,0.02723325,1.59255,-0.02735891,357.7198
09,f,0,498.2556,0.02553536,1.592032,-0.02814598,357.3187
09,f,0,498.4778,0.02449373,1.591601,-0.02773355,357.401
09,f,0,498.7,0.02320942,1.587343,-0.02794655,357.3544
09,f,0,498.9222,0.02121917,1.580437,-0.02801412,356.4399
09,f,0,499.1445,0.02002013,1.576963,-0.02820729,356.3817
09,f,0,499.3667,0.01868733,1.575196,-0.02912819,356.3259
09,f,0,499.5889,0.0176722,1.575109,-0.03071917,356.2586
09,f,0,499.8111,0.01681222,1.576502,-0.03160811,356.5889
09,f,0,500.0334,0.01551887,1.576705,-0.03302879,356.2521
09,f,0,500.2556,0.01440189,1.577516,-0.03401615,356.3301
09,f,0,500.4778,0.0129864,1.580724,-0.03447036,355.9828
09,f,27,528.4667,0.01333764,1.597933,-0.05761789,354.8615
09,f,27,528.6889,0.0129064,1.598334,-0.05702271,354.002
09,f,27,528.9111,-0.001920354,1.592406,-0.04329694,344.0087
09,f,27,529.1334,-0.04372093,1.581192,-0.00848087,333.0399
09,f,27,529.3556,-0.1274316,1.564535,0.07674268,329.135
09,f,27,529.5778,-0.2658407,1.546128,0.195406,325.0816
09,f,27,529.8,-0.3891366,1.565064,0.3020146,322.7151
09,f,27,530.0222,-0.4875006,1.55462,0.4442133,323.8367
09,f,27,530.2444,-0.5679618,1.570816,0.6364704,323.7246
09,f,27,530.4667,-0.6775784,1.593939,0.7933624,324.801
09,f,27,530.6889,-0.8112874,1.5675,0.9174033,326.3491
09,f,27,530.9111,-0.9586799,1.584796,1.036902,330.2424
09,f,27,531.1334,-1.060157,1.588851,1.188423,332.851
09,f,27,531.3556,-1.122447,1.573324,1.361694,334.4082
09,f,27,531.5778,-1.179131,1.609844,1.512042,338.7897
09,f,27,531.8,-1.257555,1.611168,1.630913,346.4825
09,f,27,532.0222,-1.341444,1.610813,1.710698,358.5803
09,f,27,532.2444,-1.377934,1.620927,1.752711,8.381622
09,f,15,543.8445,0.07345799,1.596968,-0.1815874,356.1623
09,f,15,544.0667,0.07233488,1.59698,-0.1808932,355.4289
09,f,15,544.2889,0.07056888,1.602272,-0.1582667,358.9867
09,f,15,544.5111,0.0864815,1.589812,-0.09634934,7.926295
09,f,15,544.7333,0.1624385,1.579364,-0.03236468,11.12578
09,f,15,544.9556,0.2671919,1.581709,0.0295638,14.68131
09,f,15,545.1778,0.3434656,1.588483,0.1269074,14.70729
09,f,15,545.4,0.3964209,1.573733,0.2835195,11.77941
09,f,15,545.6223,0.4261064,1.596399,0.4667733,9.559465
09,f,15,545.8445,0.4680059,1.607256,0.6113362,7.47434
09,f,15,546.0667,0.5458732,1.591593,0.7557098,2.994918
09,f,15,546.2889,0.6465203,1.61581,0.9083825,358.7522
09,f,15,546.5111,0.6949512,1.626964,1.056598,355.3464
09,f,15,546.7333,0.6955476,1.615665,1.163908,354.2899
09,f,15,546.9556,0.682974,1.629046,1.253074,354.4799
09,f,15,547.1778,0.7067112,1.637756,1.30694,351.8728
09,f,15,547.4,0.7392381,1.631324,1.328329,352.0477
09,f,35,557.9667,-0.04999312,1.595176,-0.2760879,3.715496
09,f,35,558.1889,-0.04873691,1.595496,-0.2738806,3.521593
09,f,35,558.4111,-0.06059172,1.587483,-0.2506674,354.1517
09,f,35,558.6334,-0.08744348,1.580314,-0.2016117,349.0414
09,f,35,558.8556,-0.1497357,1.567122,-0.088566,346.2206
09,f,35,559.0778,-0.2629909,1.567596,0.04348416,338.6686
09,f,35,559.3,-0.353161,1.586108,0.1491276,331.7377
09,f,35,559.5222,-0.4399395,1.566571,0.3068768,328.3112
09,f,35,559.7444,-0.5154632,1.583601,0.5203958,325.427
09,f,35,559.9667,-0.6070046,1.60094,0.7039146,325.6399
09,f,35,560.1889,-0.735891,1.581779,0.8785776,323.8067
09,f,35,560.4111,-0.8823735,1.593006,1.054842,322.9305
09,f,35,560.6334,-0.9784536,1.607031,1.226634,323.2622
09,f,35,560.8556,-1.068494,1.583055,1.425761,323.2134
09,f,35,561.0778,-1.166949,1.613103,1.606852,323.0873
09,f,35,561.3,-1.276848,1.613045,1.717593,323.8454
09,f,35,561.5222,-1.404052,1.59227,1.792386,330.3616
09,f,35,561.7444,-1.469793,1.617088,1.864027,346.4492
09,f,40,572.9333,0.02556286,1.594027,-0.209185,357.8027
09,f,40,573.1556,0.02515637,1.593879,-0.2099867,357.6783
09,f,40,573.3778,0.02438113,1.593794,-0.2106706,357.5376
09,f,40,573.6,0.006171524,1.612617,-0.204211,349.3851
09,f,40,573.8223,-0.0255692,1.605719,-0.2524825,303.5141
09,f,40,574.0444,0.02596315,1.594114,-0.3681252,230.4682
09,f,40,574.2667,0.1076931,1.574031,-0.4253603,177.4921
09,f,40,574.4889,0.0644151,1.572094,-0.490224,179.2661
09,f,40,574.7111,0.008861478,1.599447,-0.5790292,177.3031
09,f,40,574.9333,-0.02732437,1.594321,-0.697789,175.2778
09,f,40,575.1556,-0.06063029,1.560796,-0.8255993,172.2374
09,f,40,575.3778,-0.1290552,1.561796,-0.9415357,167.6121
09,f,40,575.6,-0.147478,1.563438,-1.110243,165.4228
09,f,40,575.8223,-0.09825351,1.535983,-1.318787,162.3389
09,f,40,576.0444,-0.01736506,1.57565,-1.503785,161.844
09,f,40,576.2667,0.03870468,1.567588,-1.679293,163.3862
09,f,40,576.4889,0.07721269,1.561399,-1.885445,161.8251
09,f,40,576.7111,0.1340049,1.586711,-2.075594,159.8384
09,f,40,576.9333,0.2182873,1.572127,-2.227308,154.7286
09,f,40,577.1556,0.3073877,1.582282,-2.336451,150.0778
09,f,40,577.3778,0.3625753,1.600377,-2.43062,141.4842
09,f,40,577.6,0.3676704,1.611215,-2.478763,123.7413
09,f,40,577.8223,0.3668779,1.595177,-2.490913,104.822
09,f,43,587.6111,-0.01794487,1.598639,-0.1627687,357.4499
09,f,43,587.8334,-0.0218653,1.598408,-0.167296,353.675
09,f,43,588.0555,-0.02532064,1.60184,-0.1680934,351.8907
09,f,43,588.2778,-0.03982374,1.608629,-0.1660464,347.0652
09,f,43,588.5,-0.05939317,1.609585,-0.1648306,343.6916
09,f,43,588.7222,-0.09478545,1.616399,-0.1586794,331.8197
09,f,43,588.9445,-0.1060006,1.599199,-0.180469,300.6725
09,f,43,589.1667,-0.04909267,1.577226,-0.2346097,247.3172
09,f,43,589.3889,0.05521282,1.604939,-0.2952257,194.994
09,f,43,589.6111,0.1664774,1.612587,-0.3204754,165.2062
09,f,43,589.8334,0.2429474,1.612075,-0.3395037,160.6697
09,f,43,590.0555,0.3396276,1.610785,-0.4006104,155.6347
09,f,43,590.2778,0.464278,1.596086,-0.4969799,155.3658
09,f,43,590.5,0.6016331,1.594332,-0.5850735,146.498
09,f,43,590.7222,0.7244585,1.581788,-0.7082008,144.8554
09,f,43,590.9445,0.8162024,1.580983,-0.8673459,137.1591
09,f,43,591.1667,0.9260611,1.603719,-1.017936,134.693
09,f,43,591.3889,1.082367,1.578337,-1.12977,131.9939
09,f,43,591.6111,1.260625,1.595662,-1.215759,132.3599
09,f,43,591.8334,1.384712,1.60864,-1.30359,129.9552
09,f,43,592.0555,1.489064,1.593168,-1.413433,127.7046
09,f,43,592.2778,1.611634,1.572096,-1.563429,123.6239
09,f,43,592.5,1.755945,1.610908,-1.697308,110.8813
09,f,43,592.7222,1.856056,1.6211,-1.695784,74.40398
09,f,43,592.9445,1.864652,1.615887,-1.634665,30.01531
09,f,43,593.1667,1.870452,1.618022,-1.631841,357.0855
09,f,46,603.0555,-0.04025462,1.599469,-0.1402119,0.7391192
09,f,46,603.2778,-0.03954876,1.598908,-0.1410755,0.7632301
09,f,46,603.5,-0.0447436,1.609592,-0.1371469,357.7617
09,f,46,603.7222,-0.06173214,1.612498,-0.1191535,343.1017
09,f,46,603.9445,-0.1050021,1.601297,-0.1280435,290.8459
09,f,46,604.1667,-0.1484084,1.603552,-0.1982395,257.9464
09,f,46,604.3889,-0.2328801,1.592602,-0.338369,242.5883
09,f,46,604.6111,-0.3280391,1.572602,-0.4649347,234.9379
09,f,46,604.8334,-0.4286747,1.56296,-0.549463,230.1943
09,f,46,605.0555,-0.5804188,1.540047,-0.6338405,226.47
09,f,46,605.2778,-0.7433276,1.56051,-0.7139841,218.4023
09,f,46,605.5,-0.8660611,1.560269,-0.8463696,216.168
09,f,46,605.7222,-0.9739498,1.538245,-1.035273,214.0698
09,f,46,605.9445,-1.073664,1.576963,-1.216567,214.6711
09,f,46,606.1667,-1.201595,1.568377,-1.35135,219.5481
09,f,46,606.3889,-1.371671,1.550115,-1.477739,224.0255
09,f,46,606.6111,-1.516574,1.588106,-1.584976,234.4028
09,f,46,606.8334,-1.634203,1.58774,-1.672069,251.9334
09,f,46,607.0555,-1.755134,1.568229,-1.772883,279.7869
09,f,46,607.2778,-1.808267,1.569704,-1.830066,321.9281
09,f,46,607.5,-1.738828,1.572588,-1.889359,14.37917
09,f,46,607.7222,-1.685184,1.565786,-1.953698,36.34673
09,f,46,607.9445,-1.65951,1.562632,-1.991914,41.99374
09,f,46,608.1667,-1.65405,1.562987,-2.007106,43.5006
09,f,46,608.3889,-1.654781,1.567034,-2.011284,40.45037
09,f,46,608.6111,-1.65716,1.56872,-2.009833,33.94568
09,f,46,608.8334,-1.658096,1.568419,-2.01336,31.02125
09,f,46,609.0555,-1.653399,1.568446,-2.024659,30.65149
09,f,9,617.8889,0.01540146,1.597468,-0.1772719,357.0463
09,f,9,618.1111,0.01074069,1.599546,-0.1726913,354.1667
09,f,9,618.3334,-0.005009107,1.595464,-0.1570871,344.3752
09,f,9,618.5555,-0.02725463,1.591512,-0.1347825,334.608
09,f,9,618.7778,-0.04468382,1.586143,-0.1045962,331.9478
09,f,9,619,-0.05614811,1.601423,-0.06763674,343.7968
09,f,9,619.2222,-0.07427428,1.593199,-0.02859875,354.1606
09,f,9,619.4445,-0.1149749,1.585836,0.004947064,349.7305
09,f,9,619.6667,-0.2394794,1.581204,0.04801916,345.9685
09,f,9,619.8889,-0.3959868,1.599118,0.09911953,328.7112
09,f,9,620.1111,-0.5357691,1.575998,0.2002032,315.9408
09,f,9,620.3334,-0.6561133,1.57292,0.3502848,306.2259
09,f,9,620.5555,-0.7935123,1.599256,0.4710564,301.6161
09,f,9,620.7778,-0.9644693,1.577508,0.559274,297.2705
09,f,9,621,-1.157001,1.585095,0.6284183,296.4314
09,f,9,621.2222,-1.33118,1.594645,0.7163829,296.9401
09,f,9,621.4445,-1.512229,1.567637,0.8278412,297.4978
09,f,9,621.6667,-1.691032,1.589613,0.9436692,300.438
09,f,9,621.8889,-1.859382,1.599341,1.012902,301.644
09,f,9,622.1111,-2.04416,1.574982,1.068088,308.9037
09,f,9,622.3334,-2.206944,1.603317,1.124465,322.4977
09,f,9,622.5555,-2.264588,1.60399,1.172427,342.7388
09,f,9,622.7778,-2.243206,1.611658,1.174006,359.2637
09,f,28,632.9556,0.03929118,1.609266,-0.1603942,351.5594
09,f,28,633.1778,0.03817513,1.609243,-0.1603663,351.2464
09,f,28,633.4,0.03537748,1.612855,-0.1443059,354.8507
09,f,28,633.6223,0.04707374,1.586461,-0.08219698,13.54145
09,f,28,633.8445,0.1529415,1.564901,-0.08506985,49.33327
09,f,28,634.0667,0.2960458,1.53033,-0.1408609,66.12472
09,f,28,634.2889,0.4279234,1.52512,-0.1649765,74.18952
09,f,28,634.5111,0.5677403,1.501432,-0.1382339,76.50647
09,f,28,634.7333,0.7418828,1.472839,-0.05715366,77.41702
09,f,28,634.9556,0.9021959,1.525474,0.04421282,73.1664
09,f,28,635.1778,1.014368,1.548285,0.07693432,64.1368
09,f,28,635.4,1.119614,1.572359,0.08056986,31.21018
09,f,28,635.6223,1.211521,1.610645,0.05239897,352.9143
09,f,28,635.8445,1.272063,1.638328,0.01603719,336.2141
09,f,28,636.0667,1.294821,1.644671,-0.03684887,327.2784
09,f,28,636.2889,1.302632,1.636385,-0.09371677,320.0599
09,f,28,636.5111,1.302462,1.638487,-0.1277652,316.0834
09,f,28,636.7333,1.311424,1.629843,-0.131905,314.5504
09,f,28,636.9556,1.323213,1.622544,-0.1229099,311.9023
09,f,4,645.7444,-0.06018929,1.593437,-0.08433172,0.8463213
09,f,4,645.9667,-0.0620039,1.592755,-0.08409749,1.000101
09,f,4,646.1889,-0.06575603,1.592765,-0.08412798,0.6577463
09,f,4,646.4111,-0.06846516,1.607065,-0.0749228,2.515229
09,f,4,646.6334,-0.08263925,1.609615,-0.03559891,9.521009
09,f,4,646.8556,-0.1094173,1.580886,0.01345057,13.14875
09,f,4,647.0778,-0.08057469,1.587357,-0.05056807,16.39569
09,f,4,647.3,-0.002206663,1.579739,-0.192519,9.91255
09,f,4,647.5222,0.1334581,1.544516,-0.3761755,359.5315
09,f,4,647.7444,0.2137687,1.59218,-0.5028287,351.7383
09,f,4,647.9667,0.2107391,1.563761,-0.6108426,337.4014
09,f,4,648.1889,0.1756071,1.524157,-0.700432,334.9393
09,f,4,648.4111,0.1997846,1.529501,-0.7751447,334.7574
09,f,4,648.6334,0.2742147,1.553363,-0.8115617,333.9457
09,f,4,648.8556,0.3453287,1.571978,-0.830723,336.0407
09,f,4,649.0778,0.3843165,1.581359,-0.8602318,337.3189
09,f,4,649.3,0.4029498,1.588135,-0.8809427,336.5536
09,f,4,649.5222,0.4125625,1.590428,-0.896571,336.9997
09,f,4,649.7444,0.4228286,1.59453,-0.9154139,337.6082
09,f,4,649.9667,0.490926,1.619194,-0.9310871,13.61325
09,f,4,650.1889,0.5424786,1.612981,-1.015442,75.07397
09,f,4,650.4111,0.4986582,1.573946,-1.060356,111.245
09,f,4,650.6334,0.4350149,1.535895,-1.059626,133.6118
09,f,4,650.8556,0.4082309,1.532021,-1.044062,139.4084
09,f,4,651.0778,0.4148701,1.523965,-1.027488,139.2521
09,f,4,651.3,0.4181659,1.523321,-1.013161,143.7162
09,f,4,651.5222,0.4556891,1.610639,-1.048814,147.9603
09,f,4,651.7444,0.5144603,1.617348,-1.083801,147.412
09,f,4,651.9667,0.5784475,1.610912,-1.107154,153.0064
09,f,4,652.1889,0.599726,1.603189,-1.126194,155.9033
09,f,4,652.4111,0.5831406,1.608676,-1.129818,156.9164
09,f,4,652.6334,0.5753334,1.608285,-1.137685,158.3633
09,f,17,661.2333,-0.02576035,1.606078,-0.05930329,359.0848
09,f,17,661.4556,-0.04225402,1.620434,-0.0621371,351.7528
09,f,17,661.6778,-0.113063,1.63834,-0.09503934,311.4513
09,f,17,661.9,-0.1713133,1.614605,-0.1603067,257.0089
09,f,17,662.1223,-0.160419,1.605562,-0.2035998,198.6267
09,f,17,662.3445,-0.1848702,1.593052,-0.2023934,173.6599
09,f,17,662.5667,-0.2249894,1.586316,-0.2670565,172.2695
09,f,17,662.7889,-0.2152241,1.563994,-0.3744664,175.1552
09,f,17,663.0111,-0.1856626,1.583836,-0.4847465,178.0415
09,f,17,663.2333,-0.1838437,1.573572,-0.6292582,180.1291
09,f,17,663.4556,-0.2384183,1.572244,-0.802651,178.7254
09,f,17,663.6778,-0.2666003,1.596118,-0.9801199,177.7735
09,f,17,663.9,-0.2311071,1.584012,-1.11573,168.039
09,f,17,664.1223,-0.1698395,1.588934,-1.208976,149.5278
09,f,17,664.3445,-0.1166835,1.597854,-1.274408,111.1957
09,f,17,664.5667,-0.1112711,1.599626,-1.313351,62.97611
09,f,17,664.7889,-0.1379557,1.603539,-1.353399,28.44463
09,f,17,665.0111,-0.1643117,1.598646,-1.37848,18.97367
09,f,8,672.8889,-0.001489126,1.598779,-0.1453968,2.284474
09,f,8,673.1111,-0.001269696,1.598457,-0.1441316,2.314796
09,f,8,673.3334,0.006906539,1.617421,-0.1396315,7.078633
09,f,8,673.5555,0.03220659,1.611222,-0.1464542,39.45173
09,f,8,673.7778,0.0280461,1.590908,-0.1986685,86.84635
09,f,8,674,0.0168327,1.590575,-0.2676683,113.0657
09,f,8,674.2222,0.02473779,1.585724,-0.3551856,120.633
09,f,8,674.4445,0.0613512,1.577568,-0.4732223,122.2975
09,f,8,674.6667,0.104851,1.588164,-0.5855241,124.4501
09,f,8,674.8889,0.1896809,1.576366,-0.7052431,122.5848
09,f,8,675.1111,0.3289087,1.559765,-0.823002,117.1724
09,f,8,675.3334,0.4702436,1.593425,-0.9148144,111.6781
09,f,8,675.5555,0.5926644,1.591964,-1.008329,107.1113
09,f,8,675.7778,0.7244703,1.5742,-1.118344,99.84813
09,f,8,676,0.8565789,1.598263,-1.21722,92.50359
09,f,8,676.2222,0.9491621,1.609037,-1.251054,90.73402
09,f,8,676.4445,0.9660254,1.611196,-1.246873,93.65639
09,f,8,676.6667,0.9690279,1.604849,-1.253558,90.36559
09,f,21,685.0222,0.02228559,1.602408,-0.2075037,358.87
09,f,21,685.2444,0.02085539,1.602092,-0.2071984,358.7909
09,f,21,685.4667,0.01718082,1.601582,-0.204768,358.455
09,f,21,685.6889,0.0009905566,1.599711,-0.2020333,353.2863
09,f,21,685.9111,-0.038709,1.601065,-0.2055326,334.8694
09,f,21,686.1334,-0.0821796,1.600365,-0.2191682,312.3443
09,f,21,686.3556,-0.1034614,1.594855,-0.2185339,305.8326
09,f,21,686.5778,-0.06775452,1.600153,-0.1748549,341.1172
09,f,21,686.8,0.01688508,1.599351,-0.1559963,15.15201
09,f,21,687.0222,0.1546794,1.599073,-0.1775219,36.35944
09,f,21,687.2444,0.326843,1.605612,-0.2510807,59.86199
09,f,21,687.4667,0.4712868,1.613015,-0.2899329,66.49038
09,f,21,687.6889,0.6178604,1.607938,-0.2875145,63.00866
09,f,21,687.9111,0.781334,1.598137,-0.2613494,60.74541
09,f,21,688.1334,0.9528785,1.624856,-0.2455052,67.53093
09,f,21,688.3556,1.109633,1.623036,-0.2427036,68.29395
09,f,21,688.5778,1.261465,1.618772,-0.2370706,48.00115
09,f,21,688.8,1.349744,1.649998,-0.2242873,15.71058
09,f,21,689.0222,1.37383,1.646276,-0.2230068,1.644886
09,f,21,689.2444,1.398062,1.638274,-0.2322128,358.2299
09,f,38,697.9778,-0.05864091,1.601157,-0.1572356,2.86066
09,f,38,698.2,-0.05794149,1.602887,-0.1555324,1.363005
09,f,38,698.4222,-0.05901054,1.604662,-0.1413013,355.9164
09,f,38,698.6445,-0.07866625,1.586036,-0.1010668,338.3607
09,f,38,698.8667,-0.1267779,1.581535,-0.02834409,332.659
09,f,38,699.0889,-0.206612,1.577545,0.08048425,335.7592
09,f,38,699.3112,-0.2638258,1.591171,0.1805134,341.6304
09,f,38,699.5333,-0.2854315,1.585308,0.3010289,344.1274
09,f,38,699.7556,-0.2863111,1.572017,0.4844042,342.9754
09,f,38,699.9778,-0.295118,1.601625,0.6809727,342.0968
09,f,38,700.2,-0.3468183,1.585518,0.8705686,338.7082
09,f,38,700.4222,-0.4346009,1.586495,1.069421,337.4612
09,f,38,700.6445,-0.4937459,1.611186,1.238022,336.9798
09,f,38,700.8667,-0.527382,1.596734,1.414175,333.8708
09,f,38,701.0889,-0.5460603,1.604194,1.623974,329.6497
09,f,38,701.3112,-0.5808519,1.642209,1.80421,326.2314
09,f,38,701.5333,-0.6322806,1.641971,1.927181,325.265
09,f,38,701.7556,-0.6908445,1.633982,1.999314,329.7247
09,f,38,701.9778,-0.7110616,1.641373,2.055603,328.4826
09,f,38,702.2,-0.6959946,1.642367,2.087628,323.1196
09,f,41,712.1334,0.06659943,1.607018,-0.2362961,357.3735
09,f,41,712.3556,0.05960866,1.616136,-0.2369094,353.9172
09,f,41,712.5778,0.01853292,1.616315,-0.2403863,329.2652
09,f,41,712.8,-0.05507674,1.616825,-0.3055887,273.0556
09,f,41,713.0222,-0.09096618,1.618056,-0.4275357,234.1472
09,f,41,713.2444,-0.09970739,1.60919,-0.5476976,206.486
09,f,41,713.4667,-0.1402196,1.591304,-0.6372907,191.535
09,f,41,713.6889,-0.2210601,1.581076,-0.7667316,187.7519
09,f,41,713.9111,-0.3259857,1.583469,-0.9411099,187.4059
09,f,41,714.1334,-0.3721152,1.575768,-1.138728,186.399
09,f,41,714.3556,-0.3590015,1.547951,-1.350341,184.3852
09,f,41,714.5778,-0.352159,1.577828,-1.555583,183.9961
09,f,41,714.8,-0.3750281,1.557881,-1.762524,183.4105
09,f,41,715.0222,-0.407606,1.566889,-1.970126,178.8101
09,f,41,715.2444,-0.3895934,1.572386,-2.167038,173.0259
09,f,41,715.4667,-0.3346632,1.550714,-2.334931,166.9058
09,f,41,715.6889,-0.302915,1.581333,-2.491261,159.0042
09,f,41,715.9111,-0.3116869,1.580897,-2.626128,145.9726
09,f,41,716.1334,-0.3563156,1.561517,-2.725348,112.1191
09,f,41,716.3556,-0.4068674,1.574068,-2.774029,84.72987
09,f,41,716.5778,-0.4292912,1.574218,-2.764252,71.77384
09,f,41,716.8,-0.4402462,1.568421,-2.749856,65.05625
09,f,3,726.2556,0.04062416,1.600347,-0.1337371,14.65307
09,f,3,726.4778,0.04187433,1.6009,-0.1373541,20.94136
09,f,3,726.7,0.03913179,1.610635,-0.1224828,31.69008
09,f,3,726.9222,0.07826018,1.565403,-0.1158809,67.20833
09,f,3,727.1445,0.1120097,1.546734,-0.1213657,84.3502
09,f,3,727.3667,0.1841121,1.539283,-0.1673656,80.61164
09,f,3,727.5889,0.2982732,1.53815,-0.2560681,78.26769
09,f,3,727.8112,0.414313,1.55885,-0.3192866,86.44773
09,f,3,728.0333,0.5547591,1.542734,-0.3631368,95.21107
09,f,3,728.2556,0.6998289,1.533257,-0.3833162,104.4022
09,f,3,728.4778,0.8231827,1.579355,-0.4173504,114.9819
09,f,3,728.7,0.9231991,1.574581,-0.4779566,118.803
09,f,3,728.9222,1.048442,1.563305,-0.5906786,111.4606
09,f,3,729.1445,1.191595,1.614439,-0.7328274,94.12101
09,f,3,729.3667,1.293872,1.634972,-0.7707546,62.67478
09,f,3,729.5889,1.266173,1.643092,-0.7558886,20.86893
09,f,3,729.8112,1.204664,1.632944,-0.7852036,351.6949
09,f,3,730.0333,1.182514,1.620945,-0.8145041,337.8712
09,f,14,737.4556,-0.08504589,1.596573,-0.1180643,1.809253
09,f,14,737.6778,-0.08458283,1.596771,-0.1155313,2.435485
09,f,14,737.9,-0.0842692,1.598377,-0.1123746,3.118792
09,f,14,738.1223,-0.08051037,1.598637,-0.1060525,4.528705
09,f,14,738.3445,-0.07409494,1.597849,-0.09398758,5.691985
09,f,14,738.5667,-0.06057899,1.609043,-0.04063855,10.73452
09,f,14,738.7889,0.0235447,1.595134,0.0222485,19.98885
09,f,14,739.0111,0.1841363,1.582333,0.06133498,27.53157
09,f,14,739.2333,0.3500489,1.610519,0.1139701,31.85113
09,f,14,739.4556,0.5091944,1.599419,0.2126656,31.61975
09,f,14,739.6778,0.6688486,1.587679,0.3551849,30.75423
09,f,14,739.9,0.820089,1.624489,0.473675,26.25971
09,f,14,740.1223,0.9731665,1.612046,0.564347,18.48934
09,f,14,740.3445,1.133261,1.616401,0.6301238,3.068485
09,f,14,740.5667,1.257381,1.645477,0.6982672,347.5612
09,f,14,740.7889,1.314693,1.645844,0.7358207,340.3823
09,f,14,741.0111,1.330949,1.63869,0.7412909,335.5318
09,f,14,741.2333,1.340654,1.639935,0.742166,335.3885
09,f,14,741.4556,1.346881,1.635206,0.7461001,337.9573
09,f,25,750.9667,-0.02859955,1.595705,-0.1727807,0.6326213
09,f,25,751.1889,-0.01447279,1.599534,-0.1687769,3.225635
09,f,25,751.4111,0.02911487,1.598111,-0.1596859,11.83097
09,f,25,751.6334,0.08850248,1.59144,-0.1332068,17.77036
09,f,25,751.8556,0.1480481,1.582589,-0.06318087,19.95495
09,f,25,752.0778,0.2134053,1.56063,0.07153058,22.45541
09,f,25,752.3,0.2886602,1.565771,0.2621208,26.63063
09,f,25,752.5222,0.3884689,1.588686,0.427592,29.52612
09,f,25,752.7444,0.5254406,1.574258,0.5603731,33.94639
09,f,25,752.9667,0.6967182,1.58167,0.6884503,31.507
09,f,25,753.1889,0.8211486,1.609669,0.8209754,30.9582
09,f,25,753.4111,0.9176629,1.597982,0.9800229,28.42622
09,f,25,753.6334,1.01024,1.603768,1.167083,24.99697
09,f,25,753.8556,1.107689,1.620823,1.318201,23.16183
09,f,25,754.0778,1.228748,1.600733,1.469068,20.74609
09,f,25,754.3,1.341513,1.632427,1.623151,16.20353
09,f,25,754.5222,1.390381,1.635389,1.774976,10.24404
09,f,25,754.7444,1.378093,1.63719,1.884987,4.630759
09,f,25,754.9667,1.370238,1.655505,1.960014,356.2677
09,f,20,766.8889,-0.1095137,1.595946,-0.2148308,3.566006
09,f,20,767.1111,-0.1112226,1.595997,-0.2142843,3.751986
09,f,20,767.3334,-0.1064085,1.605443,-0.2089161,6.747785
09,f,20,767.5556,-0.06754701,1.603957,-0.2171177,34.5573
09,f,20,767.7778,-0.04301822,1.60058,-0.2402451,56.36039
09,f,20,768,-0.0121825,1.599022,-0.2345989,55.25436
09,f,20,768.2222,0.06200326,1.591124,-0.2319113,58.84176
09,f,20,768.4445,0.1728123,1.601082,-0.2154666,56.47882
09,f,20,768.6667,0.3214923,1.578631,-0.1536912,56.5622
09,f,20,768.8889,0.5079461,1.591285,-0.035179,57.36747
09,f,20,769.1111,0.673511,1.609048,0.06693225,57.56892
09,f,20,769.3334,0.8605208,1.578807,0.162369,58.14332
09,f,20,769.5556,1.08609,1.601135,0.2459069,56.98375
09,f,20,769.7778,1.274593,1.619542,0.3493074,55.97274
09,f,20,770,1.454256,1.598627,0.4776298,55.32969
09,f,20,770.2222,1.613335,1.628144,0.6116447,53.97333
09,f,20,770.4445,1.78187,1.635408,0.6973205,52.48953
09,f,20,770.6667,1.976943,1.61777,0.7715648,49.22623
09,f,20,770.8889,2.130637,1.647119,0.8655669,41.90143
09,f,20,771.1111,2.201066,1.643033,0.9851232,23.18075
09,f,20,771.3334,2.236571,1.642536,1.113308,12.58555
09,f,20,771.5556,2.259017,1.656132,1.214915,359.8099
09,f,20,771.7778,2.264528,1.655659,1.290103,334.3736
09,f,20,772,2.289086,1.668395,1.332812,300.1313
09,f,20,772.2222,2.30722,1.66574,1.329449,280.0039
09,f,37,782.5111,-0.08113134,1.594105,-0.1218202,359.9864
09,f,37,782.7333,-0.08555426,1.595319,-0.1194163,359.0403
09,f,37,782.9556,-0.09747326,1.609544,-0.1190496,355.2089
09,f,37,783.1778,-0.1354923,1.61506,-0.126105,341.4124
09,f,37,783.4,-0.1965288,1.607442,-0.1803435,290.2553
09,f,37,783.6223,-0.1960716,1.59906,-0.2681651,228.6246
09,f,37,783.8445,-0.1899334,1.59211,-0.3339155,188.7357
09,f,37,784.0667,-0.2158138,1.587839,-0.3968511,178.2503
09,f,37,784.2889,-0.2413062,1.588081,-0.4918078,180.0736
09,f,37,784.5111,-0.2647574,1.579126,-0.6475872,182.3302
09,f,37,784.7333,-0.3012809,1.585748,-0.8405682,181.7448
09,f,37,784.9556,-0.3224601,1.601095,-1.009541,182.5734
09,f,37,785.1778,-0.3376098,1.565336,-1.219307,182.3491
09,f,37,785.4,-0.3341556,1.575696,-1.430558,184.4933
09,f,37,785.6223,-0.3579841,1.572446,-1.603287,185.631
09,f,37,785.8445,-0.4044963,1.544877,-1.798281,183.6199
09,f,37,786.0667,-0.4413926,1.571313,-1.991609,179.4439
09,f,37,786.2889,-0.4317387,1.567616,-2.163616,173.6366
09,f,37,786.5111,-0.3945216,1.555924,-2.320392,164.336
09,f,37,786.7333,-0.3675587,1.569364,-2.438425,148.2543
09,f,37,786.9556,-0.3468067,1.568566,-2.539488,123.4718
09,f,37,787.1778,-0.351719,1.585743,-2.588391,84.13989
09,f,37,787.4,-0.3791104,1.572639,-2.587836,54.44035
09,f,31,796.0222,-0.03743326,1.604248,-0.04236405,2.947775
09,f,31,796.2444,-0.03293261,1.602746,-0.0324305,4.085491
09,f,31,796.4667,-0.01238605,1.580992,-0.003635563,15.45802
09,f,31,796.6889,0.01382439,1.533983,0.04667745,29.5124
09,f,31,796.9111,0.08896227,1.511145,0.1199869,35.73594
09,f,31,797.1334,0.2279835,1.491273,0.2203518,41.55016
09,f,31,797.3556,0.341737,1.522391,0.3100304,47.96495
09,f,31,797.5778,0.4419041,1.537348,0.4258162,45.61845
09,f,31,797.8,0.5427969,1.539595,0.5865896,40.93171
09,f,31,798.0222,0.6340445,1.600628,0.7241268,34.60771
09,f,31,798.2444,0.7448157,1.606962,0.8230774,25.63711
09,f,31,798.4667,0.8983171,1.589,0.9058713,9.926022
09,f,31,798.6889,1.063203,1.63418,0.9831253,353.3068
09,f,31,798.9111,1.174189,1.652163,1.042841,349.1054
09,f,31,799.1334,1.21476,1.649768,1.062941,348.446
09,f,31,799.3556,1.222676,1.649589,1.05248,342.5565
09,f,31,799.5778,1.222159,1.64278,1.04485,332.3584
09,f,26,809.6889,-0.1044199,1.601083,-0.2366222,357.1804
09,f,26,809.9111,-0.1065999,1.60069,-0.2351469,356.4747
09,f,26,810.1334,-0.1139925,1.601656,-0.2288464,357.3913
09,f,26,810.3556,-0.1116883,1.613544,-0.2204973,7.123373
09,f,26,810.5778,-0.06932718,1.607944,-0.2632353,47.0731
09,f,26,810.8,-0.05874004,1.595109,-0.3535748,102.9963
09,f,26,811.0222,-0.0616953,1.576935,-0.3984839,127.4831
09,f,26,811.2444,-0.009742418,1.577859,-0.4305103,121.8023
09,f,26,811.4667,0.07374004,1.569334,-0.491884,119.6984
09,f,26,811.6889,0.1494121,1.5664,-0.6033914,124.1004
09,f,26,811.9111,0.2256047,1.597329,-0.719789,131.7141
09,f,26,812.1334,0.3512567,1.583233,-0.8343989,135.8454
09,f,26,812.3556,0.5259222,1.560542,-0.9518245,135.7298
09,f,26,812.5778,0.6868417,1.595838,-1.060811,134.8971
09,f,26,812.8,0.8033966,1.59097,-1.196922,134.7124
09,f,26,813.0222,0.9133874,1.564566,-1.370044,130.1513
09,f,26,813.2444,1.032861,1.60226,-1.547217,122.4502
09,f,26,813.4667,1.15576,1.604651,-1.642711,112.7427
09,f,26,813.6889,1.258982,1.605109,-1.676143,103.1965
09,f,26,813.9111,1.334786,1.612117,-1.720354,83.2393
09,f,26,814.1334,1.361968,1.600586,-1.786636,52.95489
09,f,26,814.3556,1.344484,1.612642,-1.840961,21.51319
09,f,26,814.5778,1.292702,1.611114,-1.871328,2.507037
09,f,1,822.4445,0.003804809,1.606539,-0.1677518,353.4671
09,f,1,822.6667,0.01048975,1.607838,-0.1600193,351.6127
09,f,1,822.8889,0.01652692,1.596837,-0.1292504,346.7144
09,f,1,823.1111,-0.0196978,1.592671,-0.0459637,340.768
09,f,1,823.3334,-0.1039209,1.576642,0.09632799,335.1004
09,f,1,823.5556,-0.2185746,1.592157,0.2409926,334.7381
09,f,1,823.7778,-0.2978877,1.593227,0.3789666,332.6126
09,f,1,824,-0.3474051,1.567567,0.5646602,333.6476
09,f,1,824.2222,-0.3935603,1.603407,0.7752564,335.2316
09,f,1,824.4445,-0.4826901,1.606889,0.9569623,334.2521
09,f,1,824.6667,-0.6109901,1.576946,1.145359,332.8842
09,f,1,824.8889,-0.7407668,1.612429,1.330423,332.9054
09,f,1,825.1111,-0.8275687,1.609224,1.519897,334.2519
09,f,1,825.3334,-0.8975003,1.591269,1.726854,333.8353
09,f,1,825.5556,-0.9669471,1.625216,1.907842,337.8823
09,f,1,825.7778,-1.051138,1.620647,2.061029,343.8922
09,f,1,826,-1.136668,1.615456,2.193559,355.8105
09,f,1,826.2222,-1.167639,1.627237,2.289762,9.089111
09,f,1,826.4445,-1.155206,1.633204,2.29289,21.38163
09,f,24,836.8445,0.05773136,1.599009,-0.160428,351.6177
09,f,24,837.0667,0.06236108,1.598407,-0.1638127,351.6241
09,f,24,837.2889,0.0662589,1.599192,-0.1652699,351.5196
09,f,24,837.5111,0.07234086,1.598323,-0.1642903,351.3001
09,f,24,837.7333,0.076965,1.598928,-0.1508206,348.2434
09,f,24,837.9556,0.06229562,1.576877,-0.1036901,337.3951
09,f,24,838.1778,0.01404464,1.561106,-0.0174334,337.0713
09,f,24,838.4,-0.1011966,1.542419,0.1299441,339.6936
09,f,24,838.6223,-0.2327302,1.561124,0.2715604,343.3259
09,f,24,838.8445,-0.3286954,1.571706,0.3882169,344.4054
09,f,24,839.0667,-0.4009085,1.560952,0.52305,343.9626
09,f,24,839.2889,-0.4742232,1.595218,0.6697192,346.8185
09,f,24,839.5111,-0.5807742,1.600791,0.7913024,350.6313
09,f,24,839.7333,-0.7097971,1.590586,0.8773675,355.7797
09,f,24,839.9556,-0.7734026,1.611854,0.9321432,358.2379
09,f,24,840.1778,-0.7741123,1.617572,0.9412321,358.899
09,f,30,850.6667,0.1343485,1.596248,-0.2511039,2.198358
09,f,30,850.8889,0.1267326,1.597673,-0.2509773,1.089197
09,f,30,851.1111,0.07790221,1.603709,-0.2590823,346.8183
09,f,30,851.3334,-0.009389695,1.619513,-0.3039819,299.1515
09,f,30,851.5556,-0.01690414,1.610796,-0.3638718,255.6334
09,f,30,851.7778,0.05034883,1.583885,-0.4073524,214.0878
09,f,30,852,0.07435827,1.568033,-0.4795163,194.9429
09,f,30,852.2222,0.06480557,1.555695,-0.6250528,191.3493
09,f,30,852.4445,0.07802735,1.583967,-0.7693879,186.2549
09,f,30,852.6667,0.08486491,1.583451,-0.8958967,188.9031
09,f,30,852.8889,0.0462373,1.56431,-1.046935,184.7756
09,f,30,853.1111,-0.02578053,1.583038,-1.212985,186.4363
09,f,30,853.3334,-0.05977485,1.59929,-1.35599,195.612
09,f,30,853.5556,-0.08692628,1.583785,-1.50879,205.0424
09,f,30,853.7778,-0.1354847,1.578784,-1.654708,232.5745
09,f,30,854,-0.1687933,1.556997,-1.670319,277.5214
09,f,30,854.2222,-0.07215154,1.565593,-1.613661,328.8451
09,f,30,854.4445,0.07429998,1.57549,-1.615984,2.041811
09,f,30,854.6667,0.1419665,1.571984,-1.650904,10.34266
09,f,30,854.8889,0.120545,1.581645,-1.692932,8.538039
09,f,30,855.1111,0.08970714,1.588107,-1.722112,5.290445
09,f,29,863.0333,-0.04033118,1.605749,-0.04294223,349.8037
09,f,29,863.2556,-0.04192274,1.605463,-0.04262001,350.2238
09,f,29,863.4778,-0.04634438,1.60474,-0.0390472,350.5678
09,f,29,863.7,-0.04215418,1.600825,-0.008797703,1.14884
09,f,29,863.9222,-0.002311273,1.56795,0.03647702,31.27635
09,f,29,864.1445,0.04520673,1.525138,0.07775142,50.99894
09,f,29,864.3667,0.1159136,1.530076,0.08741128,55.54284
09,f,29,864.5889,0.2387304,1.549399,0.07901259,57.64219
09,f,29,864.8112,0.3636118,1.586924,0.05976449,62.84524
09,f,29,865.0333,0.4870231,1.582196,0.07139865,65.19523
09,f,29,865.2556,0.6544304,1.55939,0.1238308,70.01414
09,f,29,865.4778,0.8536496,1.601184,0.2105699,69.53248
09,f,29,865.7,1.021303,1.618108,0.2394405,69.76745
09,f,29,865.9222,1.195445,1.59491,0.2567215,62.61975
09,f,29,866.1445,1.390671,1.595436,0.3025262,36.90861
09,f,29,866.3667,1.520948,1.640981,0.3425883,357.0382
09,f,29,866.5889,1.589867,1.651123,0.3405095,339.3573
09,f,29,866.8112,1.643489,1.629111,0.2907448,336.5897
09,f,29,867.0333,1.685461,1.641684,0.2500982,333.9795
09,f,36,877.1667,-0.08950035,1.591242,-0.1025873,358.7373
09,f,36,877.3889,-0.09287301,1.591287,-0.1023218,358.2499
09,f,36,877.6111,-0.0956601,1.59154,-0.1017513,356.8767
09,f,36,877.8334,-0.09511621,1.604079,-0.1031962,358.4706
09,f,36,878.0556,-0.06769052,1.607175,-0.1161104,15.13166
09,f,36,878.2778,-0.03110554,1.608563,-0.1635233,47.58793
09,f,36,878.5,-0.02476148,1.605554,-0.2434544,92.36433
09,f,36,878.7222,-0.06289025,1.600652,-0.3047068,132.1739
09,f,36,878.9445,-0.06403584,1.596236,-0.3467336,141.8827
09,f,36,879.1667,-0.03180552,1.597147,-0.391626,140.2798
09,f,36,879.3889,0.009792689,1.597673,-0.4596825,146.1357
09,f,36,879.6111,0.04882785,1.595447,-0.5534832,161.6308
09,f,36,879.8334,0.1025555,1.568125,-0.6920648,172.5564
09,f,36,880.0556,0.1756869,1.550185,-0.8529294,176.8633
09,f,36,880.2778,0.233172,1.576926,-1.022021,176.42
09,f,36,880.5,0.2136495,1.555984,-1.208747,180.5471
09,f,36,880.7222,0.1397064,1.550375,-1.39846,184.3824
09,f,36,880.9445,0.0938751,1.589283,-1.580124,186.2247
09,f,36,881.1667,0.08405803,1.571253,-1.769748,184.8978
09,f,36,881.3889,0.0916037,1.578301,-1.967432,186.4909
09,f,36,881.6111,0.06591098,1.584303,-2.138513,189.6918
09,f,36,881.8334,0.01305278,1.565593,-2.286483,191.164
09,f,36,882.0556,-0.042938,1.583732,-2.413126,200.9752
09,f,36,882.2778,-0.05756788,1.583717,-2.513596,220.7497
09,f,36,882.5,-0.03516811,1.569291,-2.595376,250.2783
09,f,36,882.7222,0.01774195,1.551617,-2.626038,308.8372
09,f,36,882.9445,0.1322388,1.559013,-2.633052,349.0511
09,f,36,883.1667,0.2037592,1.577172,-2.667468,8.46007
09,f,36,883.3889,0.2223585,1.585525,-2.675939,4.380393
09,f,36,883.6111,0.2371058,1.580657,-2.672624,356.5562
09,f,22,891.8223,-0.009426402,1.603048,-0.05805655,353.1396
09,f,22,892.0445,-0.01060191,1.602979,-0.05878128,352.9352
09,f,22,892.2667,-0.004839726,1.611862,-0.05559598,355.6049
09,f,22,892.4889,0.03370758,1.614225,-0.06157095,23.27748
09,f,22,892.7111,0.08397235,1.608849,-0.1168886,74.61095
09,f,22,892.9333,0.1306183,1.609656,-0.1416021,96.91634
09,f,22,893.1556,0.2195074,1.607432,-0.1495576,92.8185
09,f,22,893.3778,0.3431192,1.604403,-0.1517995,89.32903
09,f,22,893.6,0.5318114,1.583671,-0.1277711,86.75645
09,f,22,893.8223,0.7515588,1.604696,-0.0803452,86.62897
09,f,22,894.0445,0.9421115,1.619739,-0.07886685,88.61053
09,f,22,894.2667,1.151257,1.596112,-0.117629,90.52806
09,f,22,894.4889,1.371358,1.621787,-0.1853302,91.5547
09,f,22,894.7111,1.563262,1.629458,-0.2101554,93.25723
09,f,22,894.9333,1.774995,1.598445,-0.21937,93.11292
09,f,22,895.1556,2.030803,1.584738,-0.1984194,92.94167
09,f,22,895.3778,2.24395,1.63568,-0.1891253,90.40726
09,f,22,895.6,2.413561,1.630514,-0.175987,82.69494
09,f,22,895.8223,2.560266,1.624843,-0.1585764,51.18348
09,f,22,896.0445,2.63504,1.656466,-0.133611,8.593032
09,f,22,896.2667,2.618783,1.653631,-0.1481344,334.2524
09,f,22,896.4889,2.599066,1.650933,-0.1766783,308.4077
09,f,48,908.2667,-0.06166657,1.607557,-0.128825,356.9316
09,f,48,908.4889,-0.06165203,1.609857,-0.1309737,354.5223
09,f,48,908.7111,-0.07296887,1.608686,-0.1206107,341.4372
09,f,48,908.9333,-0.1083732,1.601123,-0.08278912,328.2804
09,f,48,909.1556,-0.1726992,1.59283,-0.004017469,326.3287
09,f,48,909.3778,-0.2767468,1.58958,0.0866317,323.6815
09,f,48,909.6,-0.3711764,1.602603,0.166157,321.6831
09,f,48,909.8223,-0.4765185,1.585508,0.2915615,320.5881
09,f,48,910.0445,-0.5892366,1.56618,0.4822823,319.9504
09,f,48,910.2667,-0.7110088,1.612109,0.6575233,319.847
09,f,48,910.4889,-0.8512627,1.592833,0.8011304,319.0554
09,f,48,910.7111,-1.031152,1.578715,0.9631029,320.4116
09,f,48,910.9333,-1.17309,1.601461,1.115235,323.6089
09,f,48,911.1556,-1.279087,1.59138,1.268038,325.2774
09,f,48,911.3778,-1.373935,1.598562,1.439654,325.9632
09,f,48,911.6,-1.467602,1.613413,1.577593,332.8384
09,f,48,911.8223,-1.563755,1.603668,1.680315,346.539
09,f,48,912.0445,-1.66666,1.607283,1.769753,10.80198
09,f,48,912.2667,-1.716179,1.614,1.800165,31.22681
09,f,48,912.4889,-1.724047,1.618891,1.756706,46.02745
09,f,39,925.3667,-0.001844462,1.602027,-0.1253438,355.521
09,f,39,925.5889,-0.002083436,1.603071,-0.1254854,355.6893
09,f,39,925.8112,-0.001086511,1.60647,-0.1257207,354.8697
09,f,39,926.0334,0.001362341,1.600413,-0.1020815,346.6962
09,f,39,926.2556,-0.01462082,1.591791,-0.03015346,340.9505
09,f,39,926.4778,-0.07062065,1.575047,0.1037474,339.2165
09,f,39,926.7,-0.160178,1.593022,0.248227,339.7725
09,f,39,926.9222,-0.2477199,1.607589,0.3800273,338.1278
09,f,39,927.1445,-0.3152459,1.589235,0.5514071,337.0719
09,f,39,927.3667,-0.3664895,1.6011,0.7662617,337.8836
09,f,39,927.5889,-0.4324792,1.621735,0.948495,338.7607
09,f,39,927.8112,-0.5256354,1.601065,1.128965,338.0068
09,f,39,928.0334,-0.6407043,1.617028,1.314762,337.128
09,f,39,928.2556,-0.7134782,1.618038,1.479256,339.7358
09,f,39,928.4778,-0.7683772,1.59502,1.660437,338.7208
09,f,39,928.7,-0.8028702,1.620515,1.837365,337.4228
09,f,39,928.9222,-0.8474903,1.632673,1.974591,341.1633
09,f,39,929.1445,-0.9136175,1.626813,2.080772,342.4367
09,f,39,929.3667,-0.9923018,1.634074,2.173083,347.5228
09,f,39,929.5889,-1.041089,1.646677,2.24994,352.7465
09,f,10,940.7444,0.05972824,1.605237,-0.1490223,353.464
09,f,10,940.9667,0.06091901,1.605255,-0.1489535,353.4303
09,f,10,941.1889,0.06189331,1.605288,-0.14814,353.6367
09,f,10,941.4111,0.06356915,1.605311,-0.1461264,353.9097
09,f,10,941.6334,0.05983267,1.620255,-0.1333752,349.1513
09,f,10,941.8556,0.05016369,1.617823,-0.09853101,329.8847
09,f,10,942.0778,0.01359809,1.611645,-0.1278968,313.2293
09,f,10,942.3,-0.06660704,1.600991,-0.2740698,274.4062
09,f,10,942.5222,-0.1463621,1.582697,-0.4347593,244.652
09,f,10,942.7444,-0.2352834,1.571094,-0.527447,232.7082
09,f,10,942.9667,-0.371187,1.566453,-0.5847975,232.5195
09,f,10,943.1889,-0.5400471,1.55897,-0.6107475,232.0701
09,f,10,943.4111,-0.6892306,1.588506,-0.6619375,234.1899
09,f,10,943.6334,-0.7972775,1.57587,-0.777712,233.9798
09,f,10,943.8556,-0.92257,1.537668,-0.9543412,238.0281
09,f,10,944.0778,-1.057053,1.580002,-1.132418,247.6937
09,f,10,944.3,-1.132554,1.569593,-1.20913,264.1143
09,f,10,944.5222,-1.118947,1.585025,-1.193145,304.0699
09,f,10,944.7444,-1.02845,1.580285,-1.17487,339.9883
09,f,10,944.9667,-0.9854249,1.583981,-1.19481,9.103329
09,f,10,945.1889,-0.9891754,1.589154,-1.217673,29.8168
09,f,13,954.3223,0.01197624,1.602512,-0.03284198,355.5992
09,f,13,954.5445,0.0128716,1.603828,-0.03355254,355.7254
09,f,13,954.7667,0.04510398,1.622416,-0.0338935,13.10166
09,f,13,954.9889,0.1040823,1.608046,-0.06946103,56.16773
09,f,13,955.2111,0.1621431,1.606083,-0.1379511,93.20879
09,f,13,955.4333,0.2145858,1.604274,-0.2164235,110.1165
09,f,13,955.6556,0.3031599,1.598755,-0.2764411,118.1951
09,f,13,955.8778,0.4486557,1.579936,-0.3405203,119.707
09,f,13,956.1,0.6460459,1.576552,-0.39703,121.001
09,f,13,956.3223,0.8234723,1.605213,-0.4692504,117.9656
09,f,13,956.5445,0.9718136,1.587759,-0.5875767,119.6707
09,f,13,956.7667,1.119918,1.588161,-0.7299771,120.0816
09,f,13,956.9889,1.26334,1.617438,-0.8551522,119.8629
09,f,13,957.2111,1.424893,1.604219,-0.9630589,120.1308
09,f,13,957.4333,1.626239,1.577986,-1.066864,121.1031
09,f,13,957.6556,1.822695,1.605609,-1.162535,120.865
09,f,13,957.8778,1.970881,1.595698,-1.253773,114.16
09,f,13,958.1,2.120547,1.593321,-1.344727,96.35679
09,f,13,958.3223,2.254553,1.622332,-1.394097,64.5416
09,f,13,958.5445,2.264217,1.626493,-1.389559,21.86608
09,f,13,958.7667,2.174989,1.626539,-1.418574,335.4942
09,f,13,958.9889,2.126651,1.6112,-1.458796,309.4922
09,f,12,967.3223,-0.04643932,1.604892,-0.1644936,3.865734
09,f,12,967.5445,-0.03991101,1.6046,-0.1596227,10.24355
09,f,12,967.7667,-0.06911281,1.609606,-0.1531328,355.2347
09,f,12,967.9889,-0.1230337,1.596177,-0.1664339,317.2818
09,f,12,968.2111,-0.1636673,1.596437,-0.165078,299.0799
09,f,12,968.4333,-0.2385743,1.592159,-0.1201939,302.8802
09,f,12,968.6556,-0.3633087,1.586092,-0.07346115,302.4822
09,f,12,968.8778,-0.4660377,1.604891,-0.02709582,304.7655
09,f,12,969.1,-0.5812798,1.588546,0.05276488,304.3128
09,f,12,969.3223,-0.7095638,1.568269,0.1851679,306.4336
09,f,12,969.5445,-0.8410482,1.604556,0.3257873,310.8517
09,f,12,969.7667,-0.971761,1.6172,0.4168926,313.3027
09,f,12,969.9889,-1.141096,1.598019,0.4957076,317.7906
09,f,12,970.2111,-1.323711,1.618676,0.5718632,328.7577
09,f,12,970.4333,-1.405804,1.621066,0.6322988,352.6957
09,f,12,970.6556,-1.418209,1.609585,0.6229092,17.35814
09,f,12,970.8778,-1.407066,1.605172,0.5874708,30.06357
09,f,45,978.7556,0.04932521,1.602781,-0.1916055,354.1492
09,f,45,978.9778,0.05198808,1.602617,-0.1929629,353.6597
09,f,45,979.2,0.0477995,1.606915,-0.1859104,349.344
09,f,45,979.4222,0.01401321,1.606274,-0.1671468,327.1429
09,f,45,979.6445,-0.04164127,1.613893,-0.1796784,298.3046
09,f,45,979.8667,-0.1201108,1.614724,-0.2064777,294.2348
09,f,45,980.0889,-0.2329713,1.60204,-0.2250906,292.5547
09,f,45,980.3112,-0.3605244,1.604774,-0.2187529,289.1357
09,f,45,980.5334,-0.5193348,1.579985,-0.1830215,287.7985
09,f,45,980.7556,-0.6883462,1.608382,-0.1222831,285.7428
09,f,45,980.9778,-0.8453339,1.610489,-0.0822699,288.2104
09,f,45,981.2,-1.034071,1.579794,-0.04287415,288.9828
09,f,45,981.4222,-1.239927,1.602622,0.02565116,305.666
09,f,45,981.6445,-1.340734,1.621771,0.09837725,345.4303
09,f,45,981.8667,-1.336068,1.615645,0.1163923,17.75161
09,f,45,982.0889,-1.304175,1.618091,0.0805482,35.98141
09,f,45,982.3112,-1.302417,1.600473,0.04580987,37.47524
09,f,45,982.5334,-1.306992,1.601115,0.03487091,36.79159
09,f,2,990.2111,0.03117165,1.604295,-0.2027447,350.4381
09,f,2,990.4333,0.02709696,1.604214,-0.1960278,351.7093
09,f,2,990.6556,0.0168886,1.607082,-0.1836961,352.6907
09,f,2,990.8778,-0.009529915,1.599102,-0.1557789,353.2028
09,f,2,991.1,-0.04213536,1.570053,-0.09235544,353.5101
09,f,2,991.3223,-0.05626053,1.546667,0.02540126,355.8988
09,f,2,991.5445,-0.04335222,1.512343,0.2161549,357.4735
09,f,2,991.7667,0.02516842,1.554906,0.4136209,2.726137
09,f,2,991.9889,0.04729741,1.561778,0.5641514,1.348717
09,f,2,992.2111,0.0320052,1.547225,0.7386612,359.167
09,f,2,992.4333,-0.002787994,1.568483,0.9505792,359.8665
09,f,2,992.6556,-0.005024225,1.588858,1.138523,359.8986
09,f,2,992.8778,0.01686832,1.572855,1.337104,359.648
09,f,2,993.1,0.04554816,1.602835,1.550579,358.1207
09,f,2,993.3223,0.03329492,1.618892,1.725405,358.9636
09,f,2,993.5445,-0.01781852,1.598936,1.917604,357.4053
09,f,2,993.7667,-0.07878482,1.619807,2.112108,358.764
09,f,2,993.9889,-0.0973488,1.641397,2.242456,2.501743
09,f,2,994.2111,-0.07999721,1.650682,2.2869,357.8166
09,f,2,994.4333,-0.05391214,1.6489,2.295886,350.5529
09,f,44,1003.244,0.08215804,1.610663,-0.1168562,351.2248
09,f,44,1003.467,0.09349107,1.611395,-0.1133828,355.5775
09,f,44,1003.689,0.1476245,1.610799,-0.1118012,20.78885
09,f,44,1003.911,0.2253734,1.595939,-0.1345982,51.67985
09,f,44,1004.133,0.2998842,1.583259,-0.1532912,69.10101
09,f,44,1004.356,0.3753887,1.579304,-0.1284475,71.42231
09,f,44,1004.578,0.4707832,1.567504,-0.0474853,64.88883
09,f,44,1004.8,0.6077238,1.555348,0.08341532,57.97321
09,f,44,1005.022,0.7532508,1.5847,0.1942672,56.06301
09,f,44,1005.244,0.9106973,1.58533,0.2679083,52.22175
09,f,44,1005.467,1.096584,1.585009,0.3273235,49.3754
09,f,44,1005.689,1.260899,1.628485,0.4160216,47.05971
09,f,44,1005.911,1.399212,1.610855,0.5574657,43.062
09,f,44,1006.133,1.533313,1.61541,0.7301031,42.99378
09,f,44,1006.356,1.670992,1.631835,0.8669534,45.32978
09,f,44,1006.578,1.828292,1.610871,0.9879804,45.73791
09,f,44,1006.8,1.986423,1.639695,1.107157,37.42989
09,f,44,1007.022,2.051985,1.65557,1.230941,18.28019
09,f,44,1007.244,2.039973,1.651373,1.300459,359.7408
09,f,44,1007.467,2.029129,1.662879,1.335377,334.6204
09,f,44,1007.689,2.053756,1.664273,1.342985,306.1921
09,f,42,1015.989,-0.08441679,1.601541,-0.1588625,359.5218
09,f,42,1016.211,-0.08314303,1.601914,-0.1585021,358.8377
09,f,42,1016.433,-0.07929321,1.603096,-0.1545896,357.7475
09,f,42,1016.656,-0.07886678,1.607273,-0.1414272,352.0969
09,f,42,1016.878,-0.09754511,1.591099,-0.09770903,342.4115
09,f,42,1017.1,-0.1611981,1.563402,-0.01254384,333.2191
09,f,42,1017.322,-0.2714645,1.534776,0.1302911,335.692
09,f,42,1017.544,-0.3958616,1.552031,0.2664666,338.0396
09,f,42,1017.767,-0.4699074,1.559088,0.38463,336.9399
09,f,42,1017.989,-0.535436,1.541051,0.5464628,335.9186
09,f,42,1018.211,-0.6046785,1.577494,0.7339528,336.274
09,f,42,1018.433,-0.6878808,1.584647,0.8657931,338.3517
09,f,42,1018.656,-0.8008986,1.563905,0.9968973,341.2888
09,f,42,1018.878,-0.937449,1.586801,1.144721,347.8132
09,f,42,1019.1,-1.021837,1.598527,1.267863,354.1369
09,f,42,1019.322,-1.039726,1.60276,1.313793,359.2102
09,f,42,1019.544,-1.030811,1.619809,1.31408,1.829476
09,f,42,1019.767,-1.019761,1.614961,1.316474,4.525428
09,f,19,1028.922,0.03694836,1.603107,-0.1440999,350.9252
09,f,19,1029.144,0.03225368,1.603518,-0.1463548,350.4424
09,f,19,1029.367,0.02799358,1.603662,-0.1468564,350.3129
09,f,19,1029.589,0.0697301,1.609984,-0.1432536,15.96955
09,f,19,1029.811,0.137805,1.578344,-0.1618956,58.62896
09,f,19,1030.033,0.208581,1.57706,-0.1606906,67.59419
09,f,19,1030.256,0.305993,1.575098,-0.1413433,67.49433
09,f,19,1030.478,0.4314141,1.569398,-0.06645898,62.6321
09,f,19,1030.7,0.5683358,1.550715,0.06193439,62.34003
09,f,19,1030.922,0.7117653,1.60078,0.1834122,62.55436
09,f,19,1031.144,0.8792548,1.593387,0.2693562,63.49868
09,f,19,1031.367,1.077588,1.584408,0.3465331,61.05529
09,f,19,1031.589,1.254221,1.627821,0.4338731,56.87394
09,f,19,1031.811,1.414512,1.615365,0.5479459,54.89458
09,f,19,1032.033,1.553796,1.619051,0.6782351,53.54965
09,f,19,1032.256,1.686717,1.634947,0.7665959,50.66067
09,f,19,1032.478,1.808501,1.638073,0.8388035,36.72002
09,f,19,1032.7,1.869447,1.657885,0.8842362,3.881702
09,f,19,1032.922,1.856874,1.660444,0.882134,330.0935
09,f,34,1040.856,-0.04982273,1.601278,-0.2005175,1.689222
09,f,34,1041.078,-0.04207252,1.618372,-0.1971624,6.625405
09,f,34,1041.3,-0.02290018,1.614911,-0.2143909,39.956
09,f,34,1041.522,-0.0596382,1.60017,-0.2584607,78.13817
09,f,34,1041.745,-0.1258067,1.56689,-0.3164267,127.8427
09,f,34,1041.967,-0.2235738,1.575053,-0.3940222,160.0856
09,f,34,1042.189,-0.2925913,1.577301,-0.4920336,178.1346
09,f,34,1042.411,-0.3556209,1.576699,-0.6171315,184.8021
09,f,34,1042.633,-0.4086809,1.593369,-0.7345442,187.1192
09,f,34,1042.856,-0.4359681,1.57356,-0.8838967,184.2664
09,f,34,1043.078,-0.431509,1.543237,-1.07683,186.7461
09,f,34,1043.3,-0.408923,1.573911,-1.304073,185.1937
09,f,34,1043.522,-0.424544,1.573403,-1.518544,184.5636
09,f,34,1043.745,-0.470528,1.53661,-1.736225,181.8889
09,f,34,1043.967,-0.5156296,1.569943,-1.933299,179.3102
09,f,34,1044.189,-0.5211681,1.567175,-2.112415,180.2479
09,f,34,1044.411,-0.4906065,1.546775,-2.305676,179.7933
09,f,34,1044.633,-0.4599338,1.565426,-2.464466,176.3724
09,f,34,1044.856,-0.4385077,1.571514,-2.577343,166.1371
09,f,34,1045.078,-0.4055803,1.575339,-2.665284,125.2766
09,f,34,1045.3,-0.388706,1.581814,-2.685171,86.62537
09,f,34,1045.522,-0.4181201,1.581024,-2.658368,51.26904
09,f,34,1045.745,-0.4659004,1.579471,-2.645252,17.95931
09,f,16,1053.656,0.01943302,1.61135,-0.06154549,354.2551
09,f,16,1053.878,0.02873642,1.614601,-0.05579524,353.4376
09,f,16,1054.1,0.01149609,1.617823,-0.04076222,344.5129
09,f,16,1054.322,-0.05536763,1.610916,-0.06262265,311.5602
09,f,16,1054.544,-0.1113416,1.623323,-0.1654865,257.2699
09,f,16,1054.767,-0.1048153,1.615969,-0.3028917,210.9261
09,f,16,1054.989,-0.1238788,1.602892,-0.396376,191.0224
09,f,16,1055.211,-0.1861351,1.588715,-0.4907649,182.6265
09,f,16,1055.433,-0.2683898,1.571465,-0.6153355,178.3047
09,f,16,1055.656,-0.3257733,1.593445,-0.7677242,169.6242
09,f,16,1055.878,-0.3351565,1.579936,-0.9305844,167.2536
09,f,16,1056.1,-0.3035119,1.557953,-1.113306,162.5872
09,f,16,1056.322,-0.2545824,1.600628,-1.273116,158.5317
09,f,16,1056.544,-0.2050268,1.605952,-1.400249,139.3105
09,f,16,1056.767,-0.1623267,1.582447,-1.510413,98.64819
09,f,16,1056.989,-0.1591578,1.582656,-1.624575,49.872
09,f,16,1057.211,-0.1931744,1.596939,-1.701115,18.40371
09,f,16,1057.433,-0.2354116,1.592563,-1.725255,2.090312
09,f,16,1057.656,-0.2662627,1.585639,-1.750091,3.398599
09,f,32,1065.122,0.01082244,1.609681,-0.08474604,346.5106
09,f,32,1065.344,0.01440267,1.610417,-0.07560675,342.4673
09,f,32,1065.567,-0.0200049,1.595963,-0.0529919,325.9231
09,f,32,1065.789,-0.1122348,1.588558,-0.02511097,315.7121
09,f,32,1066.011,-0.223709,1.585474,0.01393853,314.6034
09,f,32,1066.233,-0.3219599,1.573139,0.07993846,313.2026
09,f,32,1066.456,-0.4428063,1.553551,0.1943974,310.6858
09,f,32,1066.678,-0.563094,1.592182,0.3333464,309.0333
09,f,32,1066.9,-0.6944942,1.60497,0.4346424,306.5914
09,f,32,1067.122,-0.8754746,1.573658,0.5388834,306.2825
09,f,32,1067.344,-1.069783,1.60123,0.6333725,307.9696
09,f,32,1067.567,-1.229938,1.597863,0.7470819,311.4959
09,f,32,1067.789,-1.378159,1.573653,0.8836073,312.3535
09,f,32,1068.011,-1.521828,1.601098,1.03476,313.5373
09,f,32,1068.233,-1.64778,1.606565,1.142213,318.2713
09,f,32,1068.456,-1.785458,1.585512,1.253935,325.0042
09,f,32,1068.678,-1.934374,1.599335,1.381243,336.5237
09,f,32,1068.9,-2.010603,1.615739,1.492004,354.0016
09,f,32,1069.122,-2.000086,1.61946,1.521426,5.337145
09,f,23,1079.533,0.04960742,1.599456,-0.1500579,355.8517
09,f,23,1079.756,0.06141748,1.599351,-0.1379215,2.227682
09,f,23,1079.978,0.1005439,1.582872,-0.1151726,22.27801
09,f,23,1080.2,0.1577932,1.565224,-0.07796127,35.81833
09,f,23,1080.422,0.2466146,1.554132,-0.07321142,42.94014
09,f,23,1080.645,0.3495714,1.557911,-0.05434677,46.2592
09,f,23,1080.867,0.4588355,1.53763,0.02917578,45.34034
09,f,23,1081.089,0.5904331,1.547343,0.18385,42.4562
09,f,23,1081.311,0.7126399,1.586755,0.3078389,38.87838
09,f,23,1081.533,0.8349736,1.592104,0.4144989,36.31037
09,f,23,1081.756,0.9927807,1.594062,0.5331745,30.46064
09,f,23,1081.978,1.13778,1.629954,0.6612607,24.85356
09,f,23,1082.2,1.22168,1.642246,0.7708598,17.25203
09,f,23,1082.422,1.275921,1.637546,0.8831437,13.25134
09,f,23,1082.645,1.324429,1.652388,0.9729166,3.13145
09,f,5,1092.944,-0.116836,1.607454,-0.2237679,1.901983
09,f,5,1093.167,-0.1158416,1.606656,-0.2189726,359.1888
09,f,5,1093.389,-0.1195023,1.603084,-0.2049202,350.5532
09,f,5,1093.611,-0.139443,1.58053,-0.1692904,333.4617
09,f,5,1093.833,-0.1951542,1.577733,-0.0954653,321.2181
09,f,5,1094.056,-0.3016894,1.56303,0.04430538,312.7986
09,f,5,1094.278,-0.4317756,1.593847,0.1489627,311.1518
09,f,5,1094.5,-0.5463295,1.590532,0.2686055,308.8063
09,f,5,1094.722,-0.6673703,1.567784,0.4419802,309.4093
09,f,5,1094.944,-0.7973984,1.609517,0.6133004,307.8748
09,f,5,1095.167,-0.9521173,1.603654,0.7329755,306.8164
09,f,5,1095.389,-1.143741,1.579245,0.8423177,304.7289
09,f,5,1095.611,-1.321244,1.609421,0.9619654,307.1228
09,f,5,1095.833,-1.47002,1.595061,1.097993,309.5428
09,f,5,1096.056,-1.613552,1.59462,1.255998,309.621
09,f,5,1096.278,-1.753301,1.620078,1.376242,311.2622
09,f,5,1096.5,-1.895794,1.614204,1.451489,316.4097
09,f,5,1096.722,-2.033921,1.611143,1.495817,328.3694
09,f,5,1096.944,-2.083953,1.620321,1.53275,345.9377
09,f,5,1097.167,-2.070181,1.620093,1.533968,359.5399
09,f,33,1105.656,0.06017529,1.608295,-0.09569837,355.7731
09,f,33,1105.878,0.05829325,1.606534,-0.09003069,356.663
09,f,33,1106.1,0.07490727,1.587907,-0.06683256,11.88382
09,f,33,1106.322,0.07931592,1.551372,-0.01016623,19.56165
09,f,33,1106.544,0.1004382,1.526231,0.0677288,22.04469
09,f,33,1106.767,0.1759524,1.504729,0.1944155,23.4486
09,f,33,1106.989,0.3188621,1.521653,0.3366306,24.64436
09,f,33,1107.211,0.4321738,1.555358,0.4544156,28.22665
09,f,33,1107.433,0.5217518,1.555016,0.5972452,27.567
09,f,33,1107.656,0.5921222,1.573443,0.753316,26.17251
09,f,33,1107.878,0.6759579,1.601403,0.8712894,22.67731
09,f,33,1108.1,0.7864822,1.586791,0.9946684,17.9152
09,f,33,1108.322,0.9222969,1.600161,1.132485,6.187295
09,f,33,1108.544,1.017986,1.632033,1.254707,357.9092
09,f,33,1108.767,1.045514,1.637348,1.318597,352.0243
09,f,33,1108.989,1.049898,1.638029,1.313876,349.8982
09,f,7,1118.578,-0.08161957,1.596213,-0.2222944,2.34232
09,f,7,1118.8,-0.07588722,1.601463,-0.224897,3.569541
09,f,7,1119.022,-0.05526204,1.612937,-0.2184985,12.57455
09,f,7,1119.245,-0.03861143,1.6111,-0.2270887,30.39231
09,f,7,1119.467,-0.01314323,1.58658,-0.2370155,58.21469
09,f,7,1119.689,0.01498584,1.583661,-0.3404144,95.93767
09,f,7,1119.911,8.866843E-05,1.592786,-0.5063022,117.7284
09,f,7,1120.133,0.005754724,1.586753,-0.6905496,127.8369
09,f,7,1120.356,0.04681368,1.592046,-0.8316174,126.2029
09,f,7,1120.578,0.1587503,1.568609,-0.9497781,122.6981
09,f,7,1120.8,0.3249485,1.543464,-1.076401,125.5595
09,f,7,1121.022,0.5009681,1.602643,-1.193317,123.2182
09,f,7,1121.245,0.625288,1.604025,-1.301324,117.0711
09,f,7,1121.467,0.7528515,1.576738,-1.417446,94.56696
09,f,7,1121.689,0.8503596,1.597572,-1.4823,46.84616
09,f,7,1121.911,0.8588884,1.597524,-1.52485,15.16578
09,f,7,1122.133,0.8127316,1.603567,-1.546353,350.5338
09,f,7,1122.356,0.8029774,1.601448,-1.578412,332.0659
09,f,7,1122.578,0.8380448,1.608427,-1.611983,326.2623
09,f,18,1130.211,-0.05037671,1.596827,-0.06534577,0.03472131
09,f,18,1130.433,-0.0715822,1.603432,-0.05703761,344.7155
09,f,18,1130.656,-0.1064557,1.594841,-0.03554452,321.6053
09,f,18,1130.878,-0.1743463,1.589486,0.01893553,313.0064
09,f,18,1131.1,-0.3053448,1.582727,0.1119656,310.8463
09,f,18,1131.322,-0.431859,1.596383,0.1836585,312.0999
09,f,18,1131.544,-0.5394913,1.591381,0.2822466,314.9307
09,f,18,1131.767,-0.6550957,1.56659,0.4364869,315.9474
09,f,18,1131.989,-0.773775,1.605079,0.6100551,318.2594
09,f,18,1132.211,-0.8918011,1.613523,0.7312884,322.5218
09,f,18,1132.433,-1.041234,1.576262,0.8542187,327.688
09,f,18,1132.656,-1.227784,1.585909,0.9836791,335.3496
09,f,18,1132.878,-1.34837,1.613344,1.098089,341.7501
09,f,18,1133.1,-1.372977,1.617022,1.142223,352.1067
09,f,18,1133.322,-1.360805,1.619373,1.134525,358.665
09,f,18,1133.544,-1.354341,1.616934,1.142275,1.452021
09,f,47,1140.911,0.05234092,1.603707,-0.2681406,349.6958
09,f,47,1141.133,0.04973711,1.604299,-0.2654471,349.1783
09,f,47,1141.356,0.05446021,1.621422,-0.2563156,354.4536
09,f,47,1141.578,0.0960068,1.616724,-0.2600779,31.80647
09,f,47,1141.8,0.1024904,1.600731,-0.3254832,91.28608
09,f,47,1142.022,0.06879632,1.60088,-0.4218131,133.4829
09,f,47,1142.245,0.06524314,1.590672,-0.5413358,144.0094
09,f,47,1142.467,0.0818102,1.592643,-0.6667157,148.3433
09,f,47,1142.689,0.1435953,1.589197,-0.8192134,153.8835
09,f,47,1142.911,0.2668635,1.547281,-0.9729533,157.4186
09,f,47,1143.133,0.3938259,1.581013,-1.105819,160.6096
09,f,47,1143.356,0.4720056,1.578864,-1.253397,163.1555
09,f,47,1143.578,0.5367177,1.55796,-1.437351,162.863
09,f,47,1143.8,0.6001858,1.579973,-1.632754,161.7051
09,f,47,1144.022,0.6707007,1.581247,-1.805981,162.3834
09,f,47,1144.245,0.7689841,1.550558,-1.985698,162.4848
09,f,47,1144.467,0.8594977,1.580826,-2.146825,159.3008
09,f,47,1144.689,0.9155571,1.585668,-2.288794,148.0721
09,f,47,1144.911,0.9617393,1.572566,-2.412047,108.3821
09,f,47,1145.133,0.9517702,1.595056,-2.472074,59.99984
09,f,6,1153.011,-0.0619956,1.607683,-0.1397826,359.2363
09,f,6,1153.233,-0.06775331,1.611951,-0.1026548,3.005073
09,f,6,1153.456,-0.02825226,1.590049,-0.02979589,10.23488
09,f,6,1153.678,0.1064551,1.569167,0.04778871,20.24357
09,f,6,1153.9,0.2680409,1.595972,0.09992041,29.35027
09,f,6,1154.122,0.3761123,1.602396,0.1570059,31.31256
09,f,6,1154.344,0.4875573,1.580416,0.2670215,32.8246
09,f,6,1154.567,0.6163768,1.592201,0.4312115,33.98314
09,f,6,1154.789,0.7208138,1.612173,0.5449066,33.02271
09,f,6,1155.011,0.8224465,1.606497,0.6480593,23.59513
09,f,6,1155.233,0.945747,1.60717,0.7465786,5.797252
09,f,6,1155.456,1.059128,1.639319,0.8536893,352.3936
09,f,6,1155.678,1.114932,1.645384,0.9091215,341.489
09,f,6,1155.9,1.127676,1.651135,0.8990339,340.0029
09,f,11,1165.056,-0.1220833,1.595966,-0.2675623,0.3904999
09,f,11,1165.278,-0.09563257,1.603321,-0.2692767,2.336253
09,f,11,1165.5,-0.0392379,1.6008,-0.267415,8.309924
09,f,11,1165.722,0.04634498,1.590902,-0.2553605,26.26826
09,f,11,1165.944,0.1224941,1.591858,-0.2070445,37.93129
09,f,11,1166.167,0.2102612,1.577455,-0.09799011,38.68299
09,f,11,1166.389,0.330223,1.584749,0.06262012,40.62201
09,f,11,1166.611,0.4374781,1.622331,0.2023153,43.28651
09,f,11,1166.833,0.5440934,1.616798,0.2905276,43.57402
09,f,11,1167.056,0.6886255,1.612768,0.3739273,38.86909
09,f,11,1167.278,0.8876551,1.592269,0.47083,24.77758
09,f,11,1167.5,1.008171,1.644609,0.5569882,355.5998
09,f,11,1167.722,1.048119,1.649052,0.5657244,321.8113
09,f,11,1167.944,1.065071,1.651489,0.5199078,308.9295
